mz=1,mz=2,mz=3,mz=4,mz=5,mz=6,mz=7,mz=8,mz=9,mz=10,mz=11,mz=12,mz=13,mz=14,mz=15,mz=16,mz=17,mz=18,mz=19,mz=20,mz=21,mz=22,mz=23,mz=24,mz=25,mz=26,mz=27,mz=28,mz=29,mz=30,mz=31,mz=32,mz=33,mz=34,mz=35,mz=36,mz=37,mz=38,mz=39,mz=40,mz=41,mz=42,mz=43,mz=44,mz=45,mz=46,mz=47,mz=48,mz=49,mz=50,mz=51,mz=52,mz=53,mz=54,mz=55,mz=56,mz=57,mz=58,mz=59,mz=60,mz=61,mz=62,mz=63,mz=64,mz=65,mz=66,mz=67,mz=68,mz=69,mz=70,mz=71,mz=72,mz=73,mz=74,mz=75,mz=76,mz=77,mz=78,mz=79,mz=80,mz=81,mz=82,mz=83,mz=84,mz=85,mz=86,mz=87,mz=88,mz=89,mz=90,mz=91,mz=92,mz=93,mz=94,mz=95,mz=96,mz=97,mz=98,mz=99,mz=100,mz=101,mz=102,mz=103,mz=104,mz=105,mz=106,mz=107,mz=108,mz=109,mz=110,mz=111,mz=112,mz=113,mz=114,mz=115,mz=116,mz=117,mz=118,mz=119,mz=120,mz=121,mz=122,mz=123,mz=124,mz=125,mz=126,mz=127,mz=128,mz=129,mz=130,mz=131,mz=132,mz=133,mz=134,mz=135,mz=136,mz=137,mz=138,mz=139,mz=140,mz=141,mz=142,mz=143,mz=144,mz=145,mz=146,mz=147,mz=148,mz=149,mz=150,mz=151,mz=152,mz=153,mz=154,mz=155,mz=156,mz=157,mz=158,mz=159,mz=160,mz=161,mz=162,mz=163,mz=164,mz=165,mz=166,mz=167,mz=168,mz=169,mz=170,mz=171,mz=172,mz=173,mz=174,mz=175,mz=176,mz=177,mz=178,mz=179,mz=180,mz=181,mz=182,mz=183,mz=184,mz=185,mz=186,mz=187,mz=188,mz=189,mz=190,mz=191,mz=192,mz=193,mz=194,mz=195,mz=196,mz=197,mz=198,mz=199,mz=200,mz=201,mz=202,mz=203,mz=204,mz=205,mz=206,mz=207,mz=208,mz=209,mz=210,mz=211,mz=212,mz=213,mz=214,mz=215,mz=216,mz=217,mz=218,mz=219,mz=220,mz=221,mz=222,mz=223,mz=224,mz=225,mz=226,mz=227,mz=228,mz=229,mz=230,mz=231,mz=232,mz=233,mz=234,mz=235,mz=236,mz=237,mz=238,mz=239,mz=240,mz=241,mz=242,mz=243,mz=244,mz=245,mz=246,mz=247,mz=248,mz=249,mz=250,mz=251,mz=252,mz=253,mz=254,mz=255,mz=256,mz=257,mz=258,mz=259,mz=260,mz=261,mz=262,mz=263,mz=264,mz=265,mz=266,mz=267,mz=268,mz=269,mz=270,mz=271,mz=272,mz=273,mz=274,mz=275,mz=276,mz=277,mz=278,mz=279,mz=280,mz=281,mz=282,mz=283,mz=284,mz=285,mz=286,mz=287,mz=288,mz=289,mz=290,mz=291,mz=292,mz=293,mz=294,mz=295,mz=296,mz=297,mz=298,mz=299,mz=300,mz=301,mz=302,mz=303,mz=304,mz=305,mz=306,mz=307,mz=308,mz=309,mz=310,mz=311,mz=312,mz=313,mz=314,mz=315,mz=316,mz=317,mz=318,mz=319,mz=320,mz=321,mz=322,mz=323,mz=324,mz=325,mz=326,mz=327,mz=328,mz=329,mz=330,mz=331,mz=332,mz=333,mz=334,mz=335,mz=336,mz=337,mz=338,mz=339,mz=340,mz=341,mz=342,mz=343,mz=344,mz=345,mz=346,mz=347,mz=348,mz=349,mz=350,mz=351,mz=352,mz=353,mz=354,mz=355,mz=356,mz=357,mz=358,mz=359,mz=360,mz=361,mz=362,mz=363,mz=364,mz=365,mz=366,mz=367,mz=368,mz=369,mz=370,mz=371,mz=372,mz=373,mz=374,mz=375,mz=376,mz=377,mz=378,mz=379,mz=380,mz=381,mz=382,mz=383,mz=384,mz=385,mz=386,mz=387,mz=388,mz=389,mz=390,mz=391,mz=392,mz=393,mz=394,mz=395,mz=396,mz=397,mz=398,mz=399,mz=400,mz=401,mz=402,mz=403,mz=404,mz=405,mz=406,mz=407,mz=408,mz=409,mz=410,mz=411,mz=412,mz=413,mz=414,mz=415,mz=416,mz=417,mz=418,mz=419,mz=420,mz=421,mz=422,mz=423,mz=424,mz=425,mz=426,mz=427,mz=428,mz=429
0,0,0,0,0,0,0,0,0,0,0,0,0,0,0,0,0,0,0,0,0,0,0,0,0,150,1765,3309,1845,0,0,2246,0,0,0,0,0,279,5190,6978,8224,1071,2057,308,0,0,0,0,0,376,966,728,2329,1145,12836,1538,662,0,0,0,0,0,360,328,1382,992,6273,3579,7444,1769,570,205,0,0,0,871,2416,901,5295,3530,10158,4635,2346,662,184,0,0,0,153,0,2245,532,2740,1788,3569,2960,4466,1428,204,0,0,0,352,0,374,322,1060,290,4617,656,472,163,0,0,296,0,627,556,0,243,476,1558,1371,1606,305,0,0,0,0,0,0,0,0,0,0,254,308,683,0,0,0,0,0,0,0,0,0,0,0,0,0,0,0,194,0,0,0,0,0,0,0,0,0,0,0,0,0,0,0,0,0,0,0,0,0,0,0,0,0,0,0,0,0,0,0,0,0,0,0,0,0,0,0,0,0,0,0,0,0,0,0,0,0,0,0,0,321,0,0,0,0,0,0,0,0,0,0,0,0,0,0,0,0,0,0,0,0,0,0,0,0,0,0,0,0,0,0,0,0,0,0,0,0,0,0,0,0,0,0,0,0,0,0,0,0,0,0,0,0,0,0,0,0,0,0,0,0,0,0,0,0,0,0,0,0,0,0,0,0,0,412,0,0,0,0,0,0,0,0,0,0,0,0,0,0,0,0,0,0,0,0,0,0,0,0,0,0,0,0,0,0,0,0,0,0,0,0,0,0,0,0,0,0,0,0,0,0,0,0,0,0,0,0,0,0,0,0,0,0,0,0,0,0,0,0,0,0,0,0,0,0,0,0,0,0,0,0,0,0,0,0,0,0,0,0,0,0,0,0,0,0,0,0,0,0,0,0,0,0,0,0,0,0,0,0,0,0,0,0,0,0,0,0,0,0,0,0,0,0,0,0,0,0,0,0,0,0,0,0,0,0,0,0,0,0,0,0,0,0,0,0,0,0,0,0,0,0,0,0
0,0,0,0,0,0,0,0,0,0,0,0,0,0,0,0,0,0,0,0,0,0,0,0,0,244,2344,4172,2100,0,0,1671,0,0,0,0,0,364,5175,7334,9309,1170,2551,391,0,0,0,0,0,361,1271,563,2902,1160,17488,1830,729,169,0,0,0,205,323,209,1808,1395,8305,3969,8587,1717,483,230,0,0,0,868,3174,1125,7208,4610,10795,3931,2443,372,297,0,0,0,235,0,2642,597,3701,2684,4078,4178,10128,1947,185,0,0,0,551,0,373,256,1406,212,4126,1093,403,0,0,0,255,0,379,421,267,290,587,1887,1654,1303,325,0,0,0,0,0,0,0,0,178,0,150,325,783,0,0,0,0,0,0,0,0,0,0,0,0,0,0,0,175,0,0,0,0,0,0,0,0,0,0,0,0,0,0,0,0,0,0,0,0,0,0,0,0,0,0,0,0,0,0,0,0,0,0,0,0,0,0,0,0,0,0,0,0,0,0,0,0,0,0,0,0,351,0,0,0,0,0,0,0,0,0,0,0,0,0,0,0,0,0,0,0,0,0,0,0,0,0,0,0,0,0,0,0,0,0,0,0,0,0,0,0,0,0,0,0,0,0,0,0,0,0,0,0,0,0,0,0,0,0,0,0,0,0,0,0,0,0,0,0,0,0,0,0,0,0,247,0,0,0,0,0,0,0,0,0,0,0,0,0,0,0,0,0,0,0,0,0,0,0,0,0,0,0,0,0,0,0,0,0,0,0,0,0,0,0,0,0,0,0,0,0,0,0,0,0,0,0,0,0,0,0,0,0,0,0,0,0,0,0,0,0,0,0,0,0,0,0,0,0,0,0,0,0,0,0,0,0,0,0,0,0,0,0,0,0,0,0,0,0,0,0,0,0,0,0,0,0,0,0,0,0,0,0,0,0,0,0,0,0,0,0,0,0,0,0,0,0,0,0,0,0,0,0,0,0,0,0,0,0,0,0,0,0,0,0,0,0,0,0,0,0,0,0,0
0,0,0,0,0,0,0,0,0,0,0,0,0,0,0,0,0,0,0,0,0,0,0,0,0,186,2659,4028,2410,0,0,1709,0,0,0,0,0,238,5925,7873,11154,1312,2402,409,0,0,0,0,0,452,1314,549,3480,1608,24064,2498,978,213,0,0,0,0,434,388,1866,1179,8334,3728,9370,1677,364,182,0,0,0,906,3581,1365,8081,4770,10512,3049,2183,641,234,0,0,0,0,0,2639,585,4730,3233,3881,6130,17808,2706,0,0,0,0,576,151,406,234,1542,267,4264,1222,402,0,0,0,176,0,448,476,179,0,723,2860,1677,1068,168,0,0,0,0,0,0,0,0,0,0,188,371,714,0,0,0,0,0,0,0,0,0,0,0,0,0,0,0,0,0,0,0,0,0,0,0,0,0,0,0,0,0,0,0,0,0,0,0,0,0,0,0,0,0,0,0,0,0,0,0,0,0,0,0,0,0,0,0,0,0,0,0,0,0,0,0,0,0,0,0,0,282,0,0,0,0,0,0,0,0,0,0,0,0,0,0,0,0,0,0,0,0,0,0,0,0,0,0,0,0,0,0,0,0,0,0,0,0,0,0,0,0,0,0,0,0,0,0,0,0,0,0,0,0,0,0,0,0,0,0,0,0,0,0,0,0,0,0,0,0,0,0,0,0,0,283,0,0,0,0,0,0,0,0,0,0,0,0,0,0,0,0,0,0,0,0,0,0,0,0,0,0,0,0,0,0,0,0,0,0,0,0,0,0,0,0,0,0,0,0,0,0,0,0,0,0,0,0,0,0,0,0,0,0,0,0,0,0,0,0,0,0,0,0,0,0,0,0,0,0,0,0,0,0,0,0,0,0,0,0,0,0,0,0,0,0,0,0,0,0,0,0,0,0,0,0,0,0,0,0,0,0,0,0,0,0,0,0,0,0,0,0,0,0,0,0,0,0,0,0,0,0,0,0,0,0,0,0,0,0,0,0,0,0,0,0,0,0,0,0,0,0,0,0
0,0,0,0,0,0,0,0,0,0,0,0,0,0,0,0,0,0,0,0,0,0,0,0,0,201,2494,4051,2507,0,0,1737,0,0,0,0,0,363,6170,7900,11265,1215,2388,303,0,0,0,0,0,476,1329,871,3645,2010,29488,2637,1128,0,0,0,0,0,635,204,1613,1067,7350,3116,8815,1275,199,0,0,0,0,913,3694,839,6946,4825,9423,2936,1635,631,380,0,0,0,192,0,1896,445,3280,2925,4411,7697,23440,3324,220,0,0,0,306,0,397,190,1633,412,3753,978,814,239,0,0,190,0,362,438,218,0,538,2634,980,650,0,0,0,0,0,0,0,0,0,0,0,210,0,1009,0,0,0,0,0,0,0,0,0,0,0,0,0,0,0,0,0,0,0,0,0,0,0,0,0,0,0,0,0,0,0,0,0,0,0,0,0,0,0,0,0,0,0,0,0,0,0,0,0,0,0,0,0,0,0,0,0,0,0,0,0,0,0,0,0,0,0,0,273,0,0,0,0,0,0,0,0,0,0,0,0,0,0,0,0,0,0,0,0,0,0,0,0,0,0,0,0,0,0,0,0,0,0,0,0,0,0,0,0,0,0,0,0,0,0,0,0,0,0,0,0,0,0,0,0,0,0,0,0,0,0,0,0,0,0,0,0,0,0,0,0,0,309,0,0,0,0,0,0,0,0,0,0,0,0,0,0,0,0,0,0,0,0,0,0,0,0,0,0,0,0,0,0,0,0,0,0,0,0,0,0,0,0,0,0,0,0,0,0,0,0,0,0,0,0,0,0,0,0,0,0,0,0,0,0,0,0,0,0,0,0,0,0,0,0,0,0,0,0,0,0,0,0,0,0,0,0,0,0,0,0,0,0,0,0,0,0,0,0,0,0,0,0,0,0,0,0,0,0,0,0,0,0,0,0,0,0,0,0,0,0,0,0,0,0,0,0,0,0,0,0,0,0,0,0,0,0,0,0,0,0,0,0,0,0,0,0,0,0,0,0
0,0,0,0,0,0,0,0,0,0,0,0,0,0,0,0,0,0,0,0,0,0,0,0,0,234,2709,4155,2193,0,0,1824,0,0,0,0,0,266,5409,7301,9922,1383,2357,473,0,0,0,0,0,350,1211,579,3113,1607,28400,3266,1063,219,0,0,0,0,477,251,1196,915,7259,3197,6431,1572,221,0,0,0,0,643,2358,924,5075,2873,7677,2542,1564,445,404,0,0,0,0,0,1607,296,2585,2359,4004,6621,23240,2208,201,0,0,0,432,0,282,0,1210,229,2473,954,710,493,0,0,156,0,435,447,150,175,382,1706,771,303,151,0,0,0,0,0,0,0,0,0,0,215,158,406,0,0,0,0,0,0,0,0,0,0,0,0,0,0,0,187,0,0,0,0,0,0,0,0,0,0,0,0,0,0,0,0,0,0,0,0,0,0,0,0,0,0,0,0,0,0,0,0,0,0,0,0,0,0,0,0,0,0,0,0,0,0,0,0,0,0,0,0,317,0,0,0,0,0,0,0,0,0,0,0,0,0,0,0,0,0,0,0,0,0,0,0,0,0,0,0,0,0,0,0,0,0,0,0,0,0,0,0,0,0,0,0,0,0,0,0,0,0,0,0,0,0,0,0,0,0,0,0,0,0,0,0,0,0,0,0,0,0,0,0,0,0,250,0,0,0,0,0,0,0,0,0,0,0,0,0,0,0,0,0,0,0,0,0,0,0,0,0,0,0,0,0,0,0,0,0,0,0,0,0,0,0,0,0,0,0,0,0,0,0,0,0,0,0,0,0,0,0,0,0,0,0,0,0,0,0,0,0,0,0,0,0,0,0,0,0,0,0,0,0,0,0,0,0,0,0,0,0,0,0,0,0,0,0,0,0,0,0,0,0,0,0,0,0,0,0,0,0,0,0,0,0,0,0,0,0,0,0,0,0,0,0,0,0,0,0,0,0,0,0,0,0,0,0,0,0,0,0,0,0,0,0,0,0,0,0,0,0,0,0,0
0,0,0,0,0,0,0,0,0,0,0,0,0,0,0,0,0,0,0,0,0,0,0,0,0,204,2246,3638,2735,0,0,1621,0,0,0,0,0,201,4470,6935,9596,1493,3088,441,0,0,0,0,0,192,787,560,2365,1250,22504,4335,2094,237,0,0,0,0,426,274,1266,669,6036,3061,6751,3474,651,0,0,0,0,999,1969,590,3238,1460,5110,2077,1851,882,488,0,0,0,0,0,1320,297,1646,1390,3808,5588,17032,2363,172,0,0,0,279,213,323,252,941,284,2164,792,633,491,0,0,151,0,355,426,174,0,569,582,695,331,0,0,0,0,0,0,0,0,0,0,0,535,0,607,0,156,0,0,0,0,0,0,0,0,0,0,0,0,0,193,0,0,0,0,0,0,0,0,0,0,0,0,0,0,0,0,0,0,0,0,0,0,0,0,0,0,0,0,0,0,0,0,0,0,0,0,0,0,0,0,0,0,0,0,0,0,0,0,0,0,0,0,528,0,0,0,0,0,0,0,0,0,0,0,0,0,0,0,0,0,0,0,0,0,0,0,0,0,0,0,0,0,0,0,0,0,0,0,0,0,0,0,0,0,0,0,0,0,0,0,0,0,0,0,0,0,0,0,0,0,0,0,0,0,0,0,0,0,0,0,0,0,0,0,0,0,318,0,0,0,0,0,0,0,0,0,0,0,0,0,0,0,0,0,0,0,0,0,0,0,0,0,0,0,0,0,0,0,0,0,0,0,0,0,0,0,0,0,0,0,0,0,0,0,0,0,0,0,0,0,0,0,0,0,0,0,0,0,0,0,0,0,0,0,0,0,0,0,0,0,0,0,0,0,0,0,0,0,0,0,0,0,0,0,0,0,0,0,0,0,0,0,0,0,0,0,0,0,0,0,0,0,0,0,0,0,0,0,0,0,0,0,0,0,0,0,0,0,0,0,0,0,0,0,0,0,0,0,0,0,0,0,0,0,0,0,0,0,0,0,0,0,0,0,0
0,0,0,0,0,0,0,0,0,0,0,0,0,0,0,0,0,0,0,0,0,0,0,0,0,230,3450,3984,5067,0,0,1873,0,0,0,0,0,255,6269,7023,15456,4302,7120,712,0,0,0,0,0,341,697,375,3057,2245,21624,10763,5981,681,0,0,0,0,172,0,1118,631,5705,4316,9353,8830,1905,150,0,0,0,955,1158,825,2652,1237,4983,2390,4937,2682,749,0,0,0,0,0,1151,228,1787,1106,3789,3594,12245,1995,153,0,0,0,313,0,249,157,1301,348,2172,811,1750,768,171,0,224,0,263,547,155,0,358,370,960,369,0,0,0,0,0,0,0,0,0,0,0,438,255,302,0,457,0,0,0,0,0,0,0,0,0,0,0,0,0,0,0,0,0,0,0,0,0,0,0,0,0,0,0,0,0,0,0,0,0,0,0,0,0,0,0,0,0,0,0,0,0,0,0,0,0,0,0,0,0,0,0,0,0,0,0,0,0,0,0,0,0,0,414,0,0,0,0,0,0,0,0,0,0,0,0,0,0,0,0,0,0,0,0,0,0,0,0,0,0,0,0,0,0,0,0,0,0,0,0,0,0,0,0,0,0,0,0,0,0,0,0,0,0,0,0,0,0,0,0,0,0,0,0,0,0,0,0,0,0,0,0,0,0,0,0,0,251,0,0,0,0,0,0,0,0,0,0,0,0,0,0,0,0,0,0,0,0,0,0,0,0,0,0,0,0,0,0,0,0,0,0,0,0,0,0,0,0,0,0,0,0,0,0,0,0,0,0,0,0,0,0,0,0,0,0,0,0,0,0,0,0,0,0,0,0,0,0,0,0,0,0,0,0,0,0,0,0,0,0,0,0,0,0,0,0,0,0,0,0,0,0,0,0,0,0,0,0,0,0,0,0,0,0,0,0,0,0,0,0,0,0,0,0,0,0,0,0,0,0,0,0,0,0,0,0,0,0,0,0,0,0,0,0,0,0,0,0,0,0,0,0,0,0,0,0
0,0,0,0,0,0,0,0,0,0,0,0,0,0,0,0,0,0,0,0,0,0,0,0,0,725,7469,5380,10420,270,0,1625,0,0,0,0,0,544,12935,8691,32352,9555,20712,1086,0,0,0,0,0,372,1401,794,3989,4831,32680,28280,19280,1163,0,0,0,0,417,0,1106,768,8219,5490,21624,24456,3983,0,0,0,0,1064,1720,509,2944,1076,5218,4028,11068,6666,1969,166,0,0,0,0,1330,184,1145,689,3515,2964,10620,3535,382,0,0,0,394,0,268,193,869,333,2182,851,3438,1882,0,0,177,0,634,411,246,0,367,150,1084,516,168,0,0,0,0,0,0,0,0,0,0,502,0,353,0,727,0,0,0,0,0,0,0,0,0,0,0,0,0,0,0,0,0,0,0,0,0,0,0,0,0,0,0,0,0,0,0,0,0,0,0,0,0,0,0,0,0,0,0,0,0,0,0,0,0,0,0,0,0,0,0,0,0,0,0,0,0,0,0,0,0,0,422,0,0,0,0,0,0,0,0,0,0,0,0,0,0,0,0,0,0,0,0,0,0,0,0,0,0,0,0,0,0,0,0,0,0,0,0,0,0,0,0,0,0,0,0,0,0,0,0,0,0,0,0,0,0,0,0,0,0,0,0,0,0,0,0,0,0,0,0,0,0,0,0,0,367,0,0,0,0,0,0,0,0,0,0,0,0,0,0,0,0,0,0,0,0,0,0,0,0,0,0,0,0,0,0,0,0,0,0,0,0,0,0,0,0,0,0,0,0,0,0,0,0,0,0,0,0,0,0,0,0,0,0,0,0,0,0,0,0,0,0,0,0,0,0,0,0,0,0,0,0,0,0,0,0,0,0,0,0,0,0,0,0,0,0,0,0,0,0,0,0,0,0,0,0,0,0,0,0,0,0,0,0,0,0,0,0,0,0,0,0,0,0,0,0,0,0,0,0,0,0,0,0,0,0,0,0,0,0,0,0,0,0,0,0,0,0,0,0,0,0,0,0
0,0,0,0,0,0,0,0,0,0,0,0,0,0,0,0,0,0,0,0,0,0,0,0,0,710,14536,6969,20048,612,0,1716,0,0,0,0,291,773,23072,9468,63072,18744,40032,1614,0,0,0,0,0,741,2241,936,7225,9141,59448,57176,36640,2224,188,0,0,0,516,217,1873,943,12391,11200,43456,49752,6251,170,0,0,0,1063,1900,500,3096,741,5941,6317,22520,14171,2960,216,0,0,161,0,1373,350,1269,645,4197,3439,18104,5880,718,0,0,0,399,0,258,0,707,211,2438,1404,7073,3622,439,0,726,0,1435,980,0,0,452,0,1125,381,269,0,0,0,0,0,0,0,0,0,0,340,167,395,0,1935,344,0,0,0,0,0,0,0,0,0,0,0,0,0,0,0,0,0,0,0,0,0,0,0,0,0,0,0,0,0,0,0,0,0,0,0,0,0,0,0,0,0,0,0,0,0,0,0,0,0,0,0,0,0,0,0,0,0,0,0,0,0,0,0,0,0,567,0,0,0,0,0,0,0,0,0,0,0,0,0,0,0,0,0,0,0,0,0,0,0,0,0,0,0,0,0,0,0,0,0,0,0,0,0,0,0,0,0,0,0,0,0,0,0,0,0,0,0,0,0,0,0,0,0,0,0,0,0,0,0,0,0,0,0,0,0,0,0,0,0,274,0,0,0,0,0,0,0,0,0,0,0,0,0,0,0,0,0,0,0,0,0,0,0,0,0,0,0,0,0,0,0,0,0,0,0,0,0,0,0,0,0,0,0,0,0,0,0,0,0,0,0,0,0,0,0,0,0,0,0,0,0,0,0,0,0,0,0,0,0,0,0,0,0,0,0,0,0,0,0,0,0,0,0,0,0,0,0,0,0,0,0,0,0,0,0,0,0,0,0,0,0,0,0,0,0,0,0,0,0,0,0,0,0,0,0,0,0,0,0,0,0,0,0,0,0,0,0,0,0,0,0,0,0,0,0,0,0,0,0,0,0,0,0,0,0,0,0,0
0,0,0,0,0,0,0,0,0,0,0,0,0,0,0,0,0,0,0,0,0,0,0,0,0,1443,20104,8446,29984,587,0,1720,0,0,0,0,325,1150,34584,10630,92224,27496,61344,2233,0,0,0,0,0,1156,2982,1754,11570,14444,87488,87616,54744,3466,253,0,0,213,803,200,2600,1596,16182,14838,63496,73080,9624,454,0,216,0,1044,2346,984,3677,911,6639,9768,35688,20384,5052,307,167,0,244,0,2259,326,1274,643,4123,4005,24680,9866,899,0,0,281,540,173,293,176,481,200,2958,1336,11175,6006,679,0,1326,438,4278,3005,541,0,502,0,1144,389,353,0,0,0,0,0,0,0,0,0,0,313,171,450,0,3547,335,0,0,0,0,0,0,0,0,0,0,0,0,0,0,0,0,0,0,0,0,0,0,0,0,0,0,0,0,0,0,0,0,0,0,0,0,0,0,0,0,0,0,0,0,0,0,0,0,0,0,0,0,0,0,0,0,0,0,0,0,0,0,0,0,0,422,0,0,0,0,0,0,0,0,0,0,0,0,0,0,0,0,0,0,0,0,0,0,0,0,0,0,0,0,0,0,0,0,0,0,0,0,0,0,0,0,0,0,0,0,0,0,0,0,0,0,0,0,0,0,0,0,0,0,0,0,0,0,0,0,0,0,0,0,0,0,0,0,0,267,0,0,0,0,0,0,0,0,0,0,0,0,0,0,0,0,0,0,0,0,0,0,0,0,0,0,0,0,0,0,0,0,0,0,0,0,0,0,0,0,0,0,0,0,0,0,0,0,0,0,0,0,0,0,0,0,0,0,0,0,0,0,0,0,0,0,0,0,0,0,0,0,0,0,0,0,0,0,0,0,0,0,0,0,0,0,0,0,0,0,0,0,0,0,0,0,0,0,0,0,0,0,0,0,0,0,0,0,0,0,0,0,0,0,0,0,0,0,0,0,0,0,0,0,0,0,0,0,0,0,0,0,0,0,0,0,0,0,0,0,0,0,0,0,0,0,0,0
0,0,0,0,0,0,0,0,0,0,0,0,0,0,0,0,0,0,0,0,0,0,0,0,0,1471,22528,8068,32176,768,0,1699,0,229,0,0,322,1388,36904,12239,98928,30352,64312,2221,0,0,0,0,0,1653,3415,1775,12235,14956,94656,94488,61568,3589,408,0,0,486,1312,366,3266,1531,16752,14467,70008,81896,9969,215,0,214,283,1033,3261,896,3343,936,7054,11071,41272,23224,5083,523,190,0,626,182,3483,403,1155,527,3939,5103,28840,11646,1051,0,0,403,886,178,318,153,562,216,3128,1806,12410,6544,553,0,3468,883,8852,6388,845,0,164,0,1295,226,450,0,0,0,0,0,0,0,0,0,0,310,186,565,155,3971,403,0,0,0,0,0,0,0,0,0,0,0,0,0,0,0,0,0,0,0,0,0,0,0,0,0,0,0,0,0,0,0,0,0,0,0,0,0,0,0,0,0,0,0,0,0,0,0,0,0,0,0,0,0,0,0,0,0,0,0,0,0,0,0,0,0,384,0,0,0,0,0,0,0,0,0,0,0,0,0,0,0,0,0,0,0,0,0,0,0,0,0,0,0,0,0,0,0,0,0,0,0,0,0,0,0,0,0,0,0,0,0,0,0,0,0,0,0,0,0,0,0,0,0,0,0,0,0,0,0,0,0,0,0,0,0,0,0,0,0,371,209,0,0,0,0,0,0,0,0,0,0,0,0,0,0,0,0,0,0,0,0,0,0,0,0,0,0,0,0,0,0,0,0,0,0,0,0,0,0,0,0,0,0,0,0,0,0,0,0,0,0,0,0,0,0,0,0,0,0,0,0,0,0,0,0,0,0,0,0,0,0,0,0,0,0,0,0,0,0,0,0,0,0,0,0,0,0,0,0,0,0,0,0,0,0,0,0,0,0,0,0,0,0,0,0,0,0,0,0,0,0,0,0,0,0,0,0,0,0,0,0,0,0,0,0,0,0,0,0,0,0,0,0,0,0,0,0,0,0,0,0,0,0,0,0,0,0,0
0,0,0,0,0,0,0,0,0,0,0,0,0,0,0,0,0,0,0,0,0,0,0,0,0,1209,17816,7099,25120,695,0,1882,0,179,0,0,320,1035,31056,10263,79416,24192,51376,1951,0,0,0,0,0,1705,3298,1178,10446,12122,76848,73688,50568,3569,388,0,268,473,1552,380,2733,1447,14047,12090,60584,66776,7934,368,0,377,302,1125,3194,1536,3380,1114,6911,8150,33824,19288,3691,463,178,0,1043,287,5247,761,1302,561,3252,4025,23184,8522,731,0,0,556,1509,191,811,166,621,213,2372,1964,10668,5879,668,0,5715,1150,13616,9662,1788,445,305,0,696,258,363,0,0,0,0,0,0,0,0,0,0,314,228,428,0,2999,397,0,0,0,0,0,0,0,0,0,0,0,0,0,0,0,0,0,0,0,0,0,0,0,0,0,0,0,0,0,0,0,0,0,0,0,0,0,0,0,0,0,0,0,0,0,0,0,0,0,0,0,0,0,0,0,0,0,0,0,0,0,0,0,0,0,414,0,0,0,0,0,0,0,0,0,0,0,0,0,0,0,0,0,0,0,0,0,0,0,0,0,0,0,0,0,0,0,0,0,0,0,0,0,0,0,0,0,0,0,0,0,0,0,0,0,0,0,0,0,0,0,0,0,0,0,0,0,0,0,0,0,0,0,0,0,0,0,0,0,382,0,0,0,0,0,0,0,0,0,0,0,0,0,0,0,0,0,0,0,0,0,0,0,0,0,0,0,0,0,0,0,0,0,0,0,0,0,0,0,0,0,0,0,0,0,0,0,0,0,0,0,0,0,0,0,0,0,0,0,0,0,0,0,0,0,0,0,0,0,0,0,0,0,0,0,0,0,0,0,0,0,0,0,0,0,0,0,0,0,0,0,0,0,0,0,0,0,0,0,0,0,0,0,0,0,0,0,0,0,0,0,0,0,0,0,0,0,0,0,0,0,0,0,0,0,0,0,0,0,0,0,0,0,0,0,0,0,0,0,0,0,0,0,0,0,0,0,0
0,0,0,0,0,0,0,0,0,0,0,0,0,0,0,0,0,0,0,0,0,0,0,0,0,693,10012,5351,14335,351,0,1553,0,168,0,0,180,854,18448,9202,46256,14152,29176,1238,0,0,0,0,0,891,2774,1276,5942,7021,46064,42168,26696,1948,168,0,247,558,1675,436,2568,969,9393,7290,34880,36136,4502,262,0,512,270,1222,2920,1632,3034,1300,6536,5231,19096,11365,2607,302,239,0,1056,331,6427,780,1422,856,3571,2829,13652,4960,467,0,0,528,1677,210,1936,283,484,188,2398,1064,5835,3351,315,0,6880,1311,14825,11352,2575,994,294,0,560,365,442,0,0,0,0,0,0,0,0,373,0,345,415,577,0,1833,0,0,0,0,0,0,0,0,0,0,0,0,0,0,0,0,0,0,0,0,0,0,0,0,0,0,0,0,0,0,0,0,0,0,0,0,0,0,0,0,0,0,0,0,0,0,0,0,0,0,0,0,0,0,0,0,0,0,0,0,0,0,0,0,0,0,389,0,0,0,0,0,0,0,0,0,0,0,0,0,0,0,0,0,0,0,0,0,0,0,0,0,0,0,0,0,0,0,0,0,0,0,0,0,0,0,0,0,0,0,0,0,0,0,0,0,0,0,0,0,0,0,0,0,0,0,0,0,0,0,0,0,0,0,0,0,0,0,0,0,280,0,0,0,0,0,0,0,0,0,0,0,0,0,0,0,0,0,0,0,0,0,0,0,0,0,0,0,0,0,0,0,0,0,0,0,0,0,0,0,0,0,0,0,0,0,0,0,0,0,0,0,0,0,0,0,0,0,0,0,0,0,0,0,0,0,0,0,0,0,0,0,0,0,0,0,0,0,0,0,0,0,0,0,0,0,0,0,0,0,0,0,0,0,0,0,0,0,0,0,0,0,0,0,0,0,0,0,0,0,0,0,0,0,0,0,0,0,0,0,0,0,0,0,0,0,0,0,0,0,0,0,0,0,0,0,0,0,0,0,0,0,0,0,0,0,0,0,0
0,0,0,0,0,0,0,0,0,0,0,0,0,0,0,0,0,0,0,0,0,0,0,0,0,359,5008,4388,5477,0,0,2010,0,0,0,0,171,598,9254,7835,20152,5623,12257,729,0,0,0,0,0,1036,2154,974,3177,3973,19528,16480,10950,1023,397,0,0,588,1261,345,2249,589,5435,3492,16488,15124,2158,0,0,582,301,1052,3114,1775,3400,1086,6104,3507,8719,4864,919,0,175,0,933,291,5950,918,1760,714,2695,1674,5419,2304,185,0,0,459,1834,434,6995,740,910,310,1714,887,2419,1809,227,0,5645,912,11419,7718,3612,3334,659,0,529,169,637,0,0,0,0,0,0,0,0,522,0,293,291,549,0,752,0,0,0,0,0,0,0,0,0,0,0,0,0,0,0,0,0,0,0,0,0,0,0,0,0,0,0,0,0,0,0,0,0,0,0,0,0,0,0,0,0,0,0,0,0,0,0,0,0,0,0,0,0,0,0,0,0,0,0,0,0,0,0,0,0,0,278,0,0,0,0,0,0,0,0,0,0,0,0,0,0,0,0,0,0,0,0,0,0,0,0,0,0,0,0,0,0,0,0,0,0,0,0,0,0,0,0,0,0,0,0,0,0,0,0,0,0,0,0,0,0,0,0,0,0,0,0,0,0,0,0,0,0,0,0,0,0,0,0,0,229,0,0,0,0,0,0,0,0,0,0,0,0,0,0,0,0,0,0,0,0,0,0,0,0,0,0,0,0,0,0,0,0,0,0,0,0,0,0,0,0,0,0,0,0,0,0,0,0,0,0,0,0,0,0,0,0,0,0,0,0,0,0,0,0,0,0,0,0,0,0,0,0,0,0,0,0,0,0,0,0,0,0,0,0,0,0,0,0,0,0,0,0,0,0,0,0,0,0,0,0,0,0,0,0,0,0,0,0,0,0,0,0,0,0,0,0,0,0,0,0,0,0,0,0,0,0,0,0,0,0,0,0,0,0,0,0,0,0,0,0,0,0,0,0,0,0,0,0
0,0,0,0,0,0,0,0,0,0,0,0,0,0,0,0,0,0,0,0,0,0,0,0,0,249,2168,4150,2315,0,0,1919,0,0,0,0,0,510,5293,7682,9989,2159,4449,447,172,0,0,0,0,906,2421,846,2223,1474,9707,5504,4070,899,406,0,0,455,1288,360,1972,843,4556,2236,7332,5572,741,0,0,393,365,1045,3611,1709,3385,1017,4659,2700,4622,1858,802,156,0,0,726,277,5570,872,2096,845,3104,1240,1886,682,0,0,0,652,2048,420,15622,1753,785,303,1574,1005,1226,976,0,0,3723,841,6849,5280,5128,8619,1457,269,451,251,769,0,0,0,0,0,0,0,0,632,169,259,153,567,0,261,0,0,0,0,0,0,0,0,0,0,0,0,0,0,0,0,0,0,0,0,0,0,0,0,0,0,0,0,0,0,0,0,0,0,0,0,0,0,0,0,0,0,0,0,0,0,0,0,0,0,0,0,0,0,0,0,0,0,0,0,0,0,0,0,0,0,408,0,0,0,0,0,0,0,0,0,0,0,0,0,0,0,0,0,0,0,0,0,0,0,0,0,0,0,0,0,0,0,0,0,0,0,0,0,0,0,0,0,0,0,0,0,0,0,0,0,0,0,0,0,0,0,0,0,0,0,0,0,0,0,0,0,0,0,0,0,0,0,0,0,338,0,0,0,0,0,0,0,0,0,0,0,0,0,0,0,0,0,0,0,0,0,0,0,0,0,0,0,0,0,0,0,0,0,0,0,0,0,0,0,0,0,0,0,0,0,0,0,0,0,0,0,0,0,0,0,0,0,0,0,0,0,0,0,0,0,0,0,0,0,0,0,0,0,0,0,0,0,0,0,0,0,0,0,0,0,0,0,0,0,0,0,0,0,0,0,0,0,0,0,0,0,0,0,0,0,0,0,0,0,0,0,0,0,0,0,0,0,0,0,0,0,0,0,0,0,0,0,0,0,0,0,0,0,0,0,0,0,0,0,0,0,0,0,0,0,0,0,0
0,0,0,0,0,0,0,0,0,0,0,0,0,0,0,0,0,0,0,0,0,0,0,0,0,204,1923,3990,1491,0,0,1944,0,0,0,0,0,477,4651,7376,5450,1010,2091,539,0,0,0,0,0,1057,2246,1035,2377,1068,5970,2406,1856,856,565,0,208,504,1151,402,2390,576,3491,1472,4974,2350,482,0,0,414,314,955,5229,2204,4223,1057,4002,2050,2724,995,396,152,184,0,566,204,5927,790,1699,951,2902,1292,1375,478,0,0,0,700,2438,1011,29368,2704,844,275,1233,1008,601,802,0,0,2884,736,3887,2205,5739,13597,1626,0,540,325,971,0,0,0,0,0,0,0,0,569,0,352,320,613,195,0,0,0,0,0,0,0,0,0,0,0,0,0,0,0,0,0,0,0,0,0,0,0,0,0,0,0,0,0,0,0,0,0,0,0,0,0,0,0,0,0,0,0,0,0,0,0,0,0,0,0,0,0,0,0,0,0,0,0,0,0,0,0,0,0,0,0,463,0,0,0,0,0,0,0,0,0,0,0,0,0,0,0,0,0,0,0,0,0,0,0,0,0,0,0,0,0,0,0,0,0,0,0,0,0,0,0,0,0,0,0,0,0,0,0,0,0,0,0,0,0,0,0,0,0,0,0,0,0,0,0,0,0,0,0,0,0,0,0,0,0,342,161,0,0,0,0,0,0,0,0,0,0,0,0,0,0,0,0,0,0,0,0,0,0,0,0,0,0,0,0,0,0,0,0,0,0,0,0,0,0,0,0,0,0,0,0,0,0,0,0,0,0,0,0,0,0,0,0,0,0,0,0,0,0,0,0,0,0,0,0,0,0,0,0,0,0,0,0,0,0,0,0,0,0,0,0,0,0,0,0,0,0,0,0,0,0,0,0,0,0,0,0,0,0,0,0,0,0,0,0,0,0,0,0,0,0,0,0,0,0,0,0,0,0,0,0,0,0,0,0,0,0,0,0,0,0,0,0,0,0,0,0,0,0,0,0,0,0,0
0,0,0,0,0,0,0,0,0,0,0,0,0,0,0,0,0,0,0,0,0,0,0,0,0,241,2274,4329,1704,0,0,1702,0,151,0,0,0,417,4435,6585,6354,970,2178,413,0,0,0,0,0,1152,2849,1363,2311,1133,7192,2189,1662,916,692,0,197,528,1332,633,2396,589,3497,1515,5372,2397,388,0,0,586,0,996,5980,1760,4432,1245,4056,1687,2695,850,825,178,300,0,834,264,5875,1021,2021,809,2357,1130,1113,488,0,0,0,710,3101,1104,34688,3365,892,177,1545,983,512,394,0,0,2308,754,3650,2157,5357,17744,2338,161,631,189,599,0,0,0,0,0,0,0,0,513,0,343,0,687,0,209,0,0,0,0,0,0,0,0,0,0,0,0,0,181,0,0,0,0,0,0,0,0,0,0,0,0,0,0,0,0,0,0,0,0,0,0,0,0,0,0,0,0,0,0,0,0,0,0,0,0,0,0,0,0,0,0,0,0,0,0,0,0,0,0,0,0,238,0,0,0,0,0,0,0,0,0,0,0,0,0,0,0,0,0,0,0,0,0,0,0,0,0,0,0,0,0,0,0,0,0,0,0,0,0,0,0,0,0,0,0,0,0,0,0,0,0,0,0,0,0,0,0,0,0,0,0,0,0,0,0,0,0,0,0,0,0,0,0,0,0,241,0,0,0,0,0,0,0,0,0,0,0,0,0,0,0,0,0,0,0,0,0,0,0,0,0,0,0,0,0,0,0,0,0,0,0,0,0,0,0,0,0,0,0,0,0,0,0,0,0,0,0,0,0,0,0,0,0,0,0,0,0,0,0,0,0,0,0,0,0,0,0,0,0,0,0,0,0,0,0,0,0,0,0,0,0,0,0,0,0,0,0,0,0,0,0,0,0,0,0,0,0,0,0,0,0,0,0,0,0,0,0,0,0,0,0,0,0,0,0,0,0,0,0,0,0,0,0,0,0,0,0,0,0,0,0,0,0,0,0,0,0,0,0,0,0,0,0,0
0,0,0,0,0,0,0,0,0,0,0,0,0,0,0,0,0,0,0,0,0,0,0,0,0,295,2651,3648,2323,0,0,1899,0,0,0,0,166,538,5231,6886,9662,1317,4650,596,0,0,0,0,0,1036,2773,897,2402,1201,10432,3541,4042,1030,678,0,184,565,1687,315,2658,600,4218,1966,10643,4389,1061,0,0,259,559,1167,4699,1865,4026,889,2977,1362,3074,2220,2005,234,0,0,638,152,5786,807,1255,1048,2215,1345,2150,908,0,0,0,716,3275,1076,30696,2638,870,211,1171,1004,1553,692,0,0,2668,602,4916,3989,4410,15353,1670,0,467,0,718,0,0,0,0,0,0,0,0,219,0,302,0,589,158,488,0,0,0,0,0,0,0,0,0,0,0,0,0,379,0,0,0,0,0,0,0,0,0,0,0,0,0,0,0,0,0,0,0,0,0,0,0,0,0,0,0,0,0,0,0,0,0,0,0,0,0,0,0,0,0,0,0,0,0,0,0,0,0,0,0,0,590,0,0,0,0,0,0,0,0,0,0,0,0,0,0,0,0,0,0,0,0,0,0,0,0,0,0,0,0,0,0,0,0,0,0,0,0,0,0,0,0,0,0,0,0,0,0,0,0,0,0,0,0,0,0,0,0,0,0,0,0,0,0,0,0,0,0,0,0,0,0,0,0,0,447,0,0,0,0,0,0,0,0,0,0,0,0,0,0,0,0,0,0,0,0,0,0,0,0,0,0,0,0,0,0,0,0,0,0,0,0,0,0,0,0,0,0,0,0,0,0,0,0,0,0,0,0,0,0,0,0,0,0,0,0,0,0,0,0,0,0,0,0,0,0,0,0,0,0,0,0,0,0,0,0,0,0,0,0,0,0,0,0,0,0,0,0,0,0,0,0,0,0,0,0,0,0,0,0,0,0,0,0,0,0,0,0,0,0,0,0,0,0,0,0,0,0,0,0,0,0,0,0,0,0,0,0,0,0,0,0,0,0,0,0,0,0,0,0,0,0,0,0
0,0,0,0,0,0,0,0,0,0,0,0,0,0,0,0,0,0,0,0,0,0,0,0,0,409,4211,4238,4468,0,0,2234,0,0,0,0,187,390,7453,7940,17672,2601,11721,819,0,0,0,0,0,920,2212,737,3659,1328,17200,7489,9980,1084,579,0,0,523,1542,420,2771,863,5632,2894,29728,11700,1985,179,0,270,364,1248,4116,1714,3290,893,3108,2000,5758,6497,6177,620,223,0,957,190,4910,1001,1958,899,2320,943,3981,1838,208,0,0,583,2037,846,17528,1737,764,218,1329,978,4198,601,152,0,3531,796,7442,5886,2979,8825,1338,155,397,0,714,0,0,0,0,0,0,0,0,0,0,348,0,542,220,568,0,0,0,0,0,0,0,0,0,0,0,0,0,676,0,0,0,0,0,0,0,0,0,0,0,0,0,0,0,0,0,0,0,0,0,0,0,0,0,0,0,0,0,0,0,0,0,0,0,0,0,0,0,0,0,0,0,0,0,0,0,0,0,0,0,0,342,0,0,0,0,0,0,0,0,0,0,0,0,0,0,0,0,0,0,0,0,0,0,0,0,0,0,0,0,0,0,0,0,0,0,0,0,0,0,0,0,0,0,0,0,0,0,0,0,0,0,0,0,0,0,0,0,0,0,0,0,0,0,0,0,0,0,0,0,0,0,0,0,0,432,0,0,0,0,0,0,0,0,0,0,0,0,0,0,0,0,0,0,0,0,0,0,0,0,0,0,0,0,0,0,0,0,0,0,0,0,0,0,0,0,0,0,0,0,0,0,0,0,0,0,0,0,0,0,0,0,0,0,0,0,0,0,0,0,0,0,0,0,0,0,0,0,0,0,0,0,0,0,0,0,0,0,0,0,0,0,0,0,0,0,0,0,0,0,0,0,0,0,0,0,0,0,0,0,0,0,0,0,0,0,0,0,0,0,0,0,0,0,0,0,0,0,0,0,0,0,0,0,0,0,0,0,0,0,0,0,0,0,0,0,0,0,0,0,0,0,0,0
0,0,0,0,0,0,0,0,0,0,0,0,0,0,0,0,0,0,0,0,0,0,0,0,0,398,6849,4093,9106,302,0,1508,0,0,0,0,0,547,13011,8876,39544,6136,28048,1661,0,0,0,0,0,793,2409,1169,6140,2495,30960,18120,19952,1682,340,0,0,586,1278,418,3040,865,9802,5854,73168,26384,5023,254,0,239,349,1011,3249,1314,3232,903,3346,2140,11955,16560,17248,1509,232,0,668,222,4976,831,1403,723,2031,1389,6139,3378,504,0,0,423,1916,388,8081,943,884,245,1398,1350,9285,1318,193,0,4490,711,9548,8803,1769,3937,838,156,424,0,1332,206,0,0,0,0,0,0,0,0,0,349,0,494,304,761,0,0,0,0,0,0,0,0,0,0,0,0,0,2180,230,0,0,0,0,0,0,0,0,0,0,0,0,0,0,0,0,0,0,0,0,0,0,0,0,0,0,0,0,0,0,0,0,0,0,0,0,0,0,0,0,0,0,0,0,0,0,0,0,0,0,0,419,0,0,0,0,0,0,0,0,0,0,0,0,0,0,0,0,0,0,0,0,0,0,0,0,0,0,0,0,0,0,0,0,0,0,0,0,0,0,0,0,0,0,0,0,0,0,0,0,0,0,0,0,0,0,0,0,0,0,0,0,0,0,0,0,0,0,0,0,0,0,0,0,0,388,0,0,0,0,0,0,0,0,0,0,0,0,0,0,0,0,0,0,0,0,0,0,0,0,0,0,0,0,0,0,0,0,0,0,0,0,0,0,0,0,0,0,0,0,0,0,0,0,0,0,0,0,0,0,0,0,0,0,0,0,0,0,0,0,0,0,0,0,0,0,0,0,0,0,0,0,0,0,0,0,0,0,0,0,0,0,0,0,0,0,0,0,0,0,0,0,0,0,0,0,0,0,0,0,0,0,0,0,0,0,0,0,0,0,0,0,0,0,0,0,0,0,0,0,0,0,0,0,0,0,0,0,0,0,0,0,0,0,0,0,0,0,0,0,0,0,0,0
0,0,0,0,0,0,0,0,0,0,0,0,0,0,0,0,0,0,0,0,0,0,0,0,0,563,11875,5053,14459,352,0,1605,0,0,0,0,363,616,19976,9744,67544,9796,50384,2044,0,0,0,0,0,953,2866,1464,10740,3387,50888,33072,31424,2795,0,0,186,395,1120,533,4009,1448,17168,10547,131712,49896,8998,641,0,266,367,1019,3771,1241,4451,1106,4712,2518,20696,31232,33304,2223,292,0,492,169,5110,846,1754,793,3009,1672,10443,5167,788,0,0,364,1524,351,2964,351,1076,345,1311,2099,18664,2389,286,0,4195,993,9539,9242,1133,1436,691,244,452,0,2104,224,0,0,0,0,0,0,0,0,0,413,332,319,608,709,0,0,0,0,0,0,0,0,0,0,0,0,0,4469,736,0,0,0,0,0,0,0,0,0,0,0,0,0,0,0,0,0,0,0,0,0,0,0,0,0,0,0,0,0,0,0,0,0,0,0,0,0,0,0,0,0,0,0,0,0,0,0,0,0,0,0,360,0,0,0,0,0,0,0,0,0,0,0,0,0,0,0,0,0,0,0,0,0,0,0,0,0,0,0,0,0,0,0,0,0,0,0,0,0,0,0,0,0,0,0,0,0,0,0,0,0,0,0,0,0,0,0,0,0,0,0,0,0,0,0,0,0,0,0,0,0,0,0,0,0,421,0,153,0,0,0,0,0,0,0,0,0,0,0,0,0,0,0,0,0,0,0,0,0,0,0,0,0,0,0,0,0,0,0,0,0,0,0,0,0,0,0,0,0,0,0,0,0,0,0,0,0,0,0,0,0,0,0,0,0,0,0,0,0,0,0,0,0,0,0,0,0,0,0,0,0,0,0,0,0,0,0,0,0,0,0,0,0,0,0,0,0,0,0,0,0,0,0,0,0,0,0,0,0,0,0,0,0,0,0,0,0,0,0,0,0,0,0,0,0,0,0,0,0,0,0,0,0,0,0,0,0,0,0,0,0,0,0,0,0,0,0,0,0,0,0,0,0,0
0,0,0,0,0,0,0,0,0,0,0,0,0,0,0,0,0,0,0,0,0,0,0,0,0,501,15569,5973,20984,349,0,2106,0,0,0,0,204,1056,26560,11458,93488,13568,69248,2521,0,0,0,0,0,1092,3271,1463,14594,4780,68888,46392,39656,1938,0,0,0,538,1490,484,5156,1755,22968,14723,185472,69736,12258,561,0,297,401,837,4388,1304,5797,1379,5779,4797,25952,45552,46440,3344,160,0,810,152,4561,757,1953,941,4061,1938,13910,7466,881,0,0,303,1198,253,1392,272,977,169,1948,2938,25760,3739,280,0,3144,864,7692,6845,692,659,438,240,395,0,2980,403,0,0,0,0,0,0,0,0,0,266,0,392,471,879,0,0,0,0,0,0,0,0,0,0,0,0,0,6442,855,0,0,0,0,0,0,0,0,0,0,0,0,0,0,0,0,0,0,0,0,0,0,0,0,0,0,0,0,0,0,0,0,0,0,0,0,0,0,0,0,0,0,0,0,0,0,0,0,0,0,0,327,184,0,0,0,0,0,0,0,0,0,0,0,0,0,0,0,0,0,0,0,0,0,0,0,0,0,0,0,0,0,0,0,0,0,0,0,0,0,0,0,0,0,0,0,0,0,0,0,0,0,0,0,0,0,0,0,0,0,0,0,0,0,0,0,0,0,0,0,0,0,0,0,0,485,0,0,0,0,0,0,0,0,0,0,0,0,0,0,0,0,0,0,0,0,0,0,0,0,0,0,0,0,0,0,0,0,0,0,0,0,0,0,0,0,0,0,0,0,0,0,0,0,0,0,0,0,0,0,0,0,0,0,0,0,0,0,0,0,0,0,0,0,0,0,0,0,0,0,0,0,0,0,0,0,0,0,0,0,0,0,0,0,0,0,0,0,0,0,0,0,0,0,0,0,0,0,0,0,0,0,0,0,0,0,0,0,0,0,0,0,0,0,0,0,0,0,0,0,0,0,0,0,0,0,0,0,0,0,0,0,0,0,0,0,0,0,0,0,0,0,0,0
0,0,0,0,0,0,0,0,0,0,0,0,0,0,0,0,0,0,0,0,0,0,0,0,0,597,15836,5273,21376,522,0,1584,0,0,0,0,175,962,28024,11504,100224,13279,74328,3082,0,0,0,0,0,976,3296,1738,15090,5913,73704,49120,42232,2481,159,0,155,396,1280,392,4912,1656,27496,16343,199680,74200,13820,311,0,342,228,1019,5142,1399,6317,2021,7325,5021,27128,51064,52904,3037,218,0,733,198,4392,796,2574,1203,4480,2416,16057,7969,862,0,0,353,761,211,683,0,1069,385,2026,3363,30736,4044,379,0,3267,644,7377,5104,822,272,424,348,421,0,2823,476,0,0,0,0,0,0,0,0,0,383,204,555,735,715,0,0,0,0,0,0,0,0,0,0,0,0,0,6926,878,0,0,0,0,0,0,0,0,0,0,0,0,0,0,0,0,0,0,0,0,0,0,0,0,0,0,0,0,0,0,0,0,0,0,0,0,0,0,0,0,0,0,0,0,0,0,0,0,0,0,0,461,162,0,0,0,0,0,0,0,0,0,0,0,0,0,0,0,0,0,0,0,0,0,0,0,0,0,0,0,0,0,0,0,0,0,0,0,0,0,0,0,0,0,0,0,0,0,0,0,0,0,0,0,0,0,0,0,0,0,0,0,0,0,0,0,0,0,0,0,0,0,0,0,0,255,0,0,0,0,0,0,0,0,0,0,0,0,0,0,0,0,0,0,0,0,0,0,0,0,0,0,0,0,0,0,0,0,0,0,0,0,0,0,0,0,0,0,0,0,0,0,0,0,0,0,0,0,0,0,0,0,0,0,0,0,0,0,0,0,0,0,0,0,0,0,0,0,0,0,0,0,0,0,0,0,0,0,0,0,0,0,0,0,0,0,0,0,0,0,0,0,0,0,0,0,0,0,0,0,0,0,0,0,0,0,0,0,0,0,0,0,0,0,0,0,0,0,0,0,0,0,0,0,0,0,0,0,0,0,0,0,0,0,0,0,0,0,0,0,0,0,0,0
0,0,0,0,0,0,0,0,0,0,0,0,0,0,0,0,0,0,0,0,0,0,0,0,0,495,13848,4974,17304,322,0,1927,0,155,0,0,249,777,24112,10397,85184,12322,60616,2277,186,0,0,0,0,1352,2974,1464,12906,5443,64096,40904,42728,2128,0,0,195,496,1516,468,4992,1836,24368,13672,166720,64056,10476,456,0,247,397,1305,4699,1362,6853,2525,6466,5471,23160,41384,43344,2809,250,0,1178,273,5328,853,3141,1714,4330,2291,14688,7851,1038,0,0,328,1200,157,568,359,1515,488,1731,2616,26592,2808,204,0,4156,985,10201,7647,1062,162,842,730,414,0,2517,163,0,0,0,0,0,0,0,0,0,347,177,437,620,655,0,0,0,0,0,0,0,0,0,0,0,0,0,6205,1132,0,0,0,0,0,0,0,0,0,0,0,0,0,0,0,0,0,0,0,0,0,0,0,0,0,0,0,0,0,0,0,0,0,0,0,0,0,0,0,0,0,0,0,0,0,0,0,0,0,0,0,286,0,0,0,0,0,0,0,0,0,0,0,0,0,0,0,0,0,0,0,0,0,0,0,0,0,0,0,0,0,0,0,0,0,0,0,0,0,0,0,0,0,0,0,0,0,0,0,0,0,0,0,0,0,0,0,0,0,0,0,0,0,0,0,0,0,0,0,0,0,0,0,0,0,273,0,0,0,0,0,0,0,0,0,0,0,0,0,0,0,0,0,0,0,0,0,0,0,0,0,0,0,0,0,0,0,0,0,0,0,0,0,0,0,0,0,0,0,0,0,0,0,0,0,0,0,0,0,0,0,0,0,0,0,0,0,0,0,0,0,0,0,0,0,0,0,0,0,0,0,0,0,0,0,0,0,0,0,0,0,0,0,0,0,0,0,0,0,0,0,0,0,0,0,0,0,0,0,0,0,0,0,0,0,0,0,0,0,0,0,0,0,0,0,0,0,0,0,0,0,0,0,0,0,0,0,0,0,0,0,0,0,0,0,0,0,0,0,0,0,0,0,0
0,0,0,0,0,0,0,0,0,0,0,0,0,0,0,0,0,0,0,0,0,0,0,0,0,501,9836,4683,14362,322,0,1842,0,253,0,0,253,604,18568,9585,60728,8707,43456,1668,161,0,0,0,169,1141,3259,1432,9453,3891,47520,27384,32536,2712,179,0,0,639,1972,354,3812,1586,18448,10269,112352,41944,7248,249,0,473,294,1211,5106,1335,6543,2667,7045,5276,18704,28152,29032,1887,293,0,1208,447,6209,772,3396,2343,3396,2146,12180,6348,540,0,0,493,1674,0,744,0,1686,605,2317,2029,18232,2120,173,0,5796,1419,13507,9749,1115,192,788,603,291,152,2186,181,0,0,0,0,0,0,0,0,0,541,250,235,410,696,0,0,0,0,0,0,0,0,0,0,0,0,0,4287,695,0,0,0,0,0,0,0,0,0,0,0,0,0,0,0,0,0,0,0,0,0,0,0,0,0,0,0,0,0,0,0,0,0,0,0,0,0,0,0,0,0,0,0,0,0,0,0,0,0,0,0,379,174,0,0,0,0,0,0,0,0,0,0,0,0,0,0,0,0,0,0,0,0,0,0,0,0,0,0,0,0,0,0,0,0,0,0,0,0,0,0,0,0,0,0,0,0,0,0,0,0,0,0,0,0,0,0,0,0,0,0,0,0,0,0,0,0,0,0,0,0,0,0,0,0,306,0,0,0,0,0,0,0,0,0,0,0,0,0,0,0,0,0,0,0,0,0,0,0,0,0,0,0,0,0,0,0,0,0,0,0,0,0,0,0,0,0,0,0,0,0,0,0,0,0,0,0,0,0,0,0,0,0,0,0,0,0,0,0,0,0,0,0,0,0,0,0,0,0,0,0,0,0,0,0,0,0,0,0,0,0,0,0,0,0,0,0,0,0,0,0,0,0,0,0,0,0,0,0,0,0,0,0,0,0,0,0,0,0,0,0,0,0,0,0,0,0,0,0,0,0,0,0,0,0,0,0,0,0,0,0,0,0,0,0,0,0,0,0,0,0,0,0,0
0,0,0,0,0,0,0,0,0,0,0,0,0,0,0,0,0,0,0,0,0,0,0,0,0,309,7644,4136,8799,278,0,1765,0,0,0,0,157,540,13417,7999,40664,5837,29000,1301,0,0,0,0,0,1018,2832,1182,7543,3889,33272,19456,22544,1976,0,0,193,689,1847,520,3520,1257,15781,8441,73104,29432,5282,169,0,490,447,1054,4682,1178,5366,2222,6998,4264,12573,20128,18752,1462,230,0,1665,605,5162,835,2536,2243,3341,1982,8004,4279,735,0,0,536,1493,0,626,0,1835,967,1942,1888,13220,1540,248,0,6392,1571,14773,11388,1110,162,951,361,189,0,1289,239,0,0,0,0,0,0,0,0,0,497,184,360,342,460,0,0,0,0,0,0,0,0,0,0,0,0,0,2519,374,0,0,0,0,0,0,0,0,0,0,0,0,0,0,0,0,0,0,0,0,0,0,0,0,0,0,0,0,0,0,0,0,0,0,0,0,0,0,0,0,0,0,0,0,0,0,0,0,0,0,0,275,0,0,0,0,0,0,0,0,0,0,0,0,0,0,0,0,0,0,0,0,0,0,0,0,0,0,0,0,0,0,0,0,0,0,0,0,0,0,0,0,0,0,0,0,0,0,0,0,0,0,0,0,0,0,0,0,0,0,0,0,0,0,0,0,0,0,0,0,0,0,0,0,0,214,162,0,0,0,0,0,0,0,0,0,0,0,0,0,0,0,0,0,0,0,0,0,0,0,0,0,0,0,0,0,0,0,0,0,0,0,0,0,0,0,0,0,0,0,0,0,0,0,0,0,0,0,0,0,0,0,0,0,0,0,0,0,0,0,0,0,0,0,0,0,0,0,0,0,0,0,0,0,0,0,0,0,0,0,0,0,0,0,0,0,0,0,0,0,0,0,0,0,0,0,0,0,0,0,0,0,0,0,0,0,0,0,0,0,0,0,0,0,0,0,0,0,0,0,0,0,0,0,0,0,0,0,0,0,0,0,0,0,0,0,0,0,0,0,0,0,0,0
0,0,0,0,0,0,0,0,0,0,0,0,0,0,0,0,0,0,0,0,0,0,0,0,0,366,7070,4445,8364,0,0,2094,0,176,0,0,0,525,12636,8168,35096,5184,25216,1350,0,0,0,0,0,831,2475,949,6091,3503,27912,16440,15093,1286,0,0,156,537,1446,344,3227,1526,13649,7852,62680,25016,4975,170,0,308,220,1107,2860,1109,4875,1926,5985,4181,9497,15178,15385,1116,176,0,1227,341,4380,752,2443,1993,3135,1526,4861,2696,355,0,0,523,1231,0,480,198,1350,675,2365,1832,12015,1851,158,0,4814,1136,11525,9150,874,258,951,251,385,0,896,0,0,0,0,0,0,0,0,0,0,538,0,421,194,209,0,0,0,0,0,0,0,0,0,0,0,0,0,2444,242,0,0,0,0,0,0,0,0,0,0,0,0,0,0,0,0,0,0,0,0,0,0,0,0,0,0,0,0,0,0,0,0,0,0,0,0,0,0,0,0,0,0,0,0,0,0,0,0,0,0,0,402,255,0,0,0,0,0,0,0,0,0,0,0,0,0,0,0,0,0,0,0,0,0,0,0,0,0,0,0,0,0,0,0,0,0,0,0,0,0,0,0,0,0,0,0,0,0,0,0,0,0,0,0,0,0,0,0,0,0,0,0,0,0,0,0,0,0,0,0,0,0,0,0,0,305,0,0,0,0,0,0,0,0,0,0,0,0,0,0,0,0,0,0,0,0,0,0,0,0,0,0,0,0,0,0,0,0,0,0,0,0,0,0,0,0,0,0,0,0,0,0,0,0,0,0,0,0,0,0,0,0,0,0,0,0,0,0,0,0,0,0,0,0,0,0,0,0,0,0,0,0,0,0,0,0,0,0,0,0,0,0,0,0,0,0,0,0,0,0,0,0,0,0,0,0,0,0,0,0,0,0,0,0,0,0,0,0,0,0,0,0,0,0,0,0,0,0,0,0,0,0,0,0,0,0,0,0,0,0,0,0,0,0,0,0,0,0,0,0,0,0,0,0
0,0,0,0,0,0,0,0,0,0,0,0,0,0,0,0,0,0,0,0,0,0,0,0,0,317,7430,4451,7327,252,0,1654,0,0,0,0,0,608,11541,8766,39112,5247,29096,1448,0,0,0,0,0,796,1906,1000,6453,3622,28624,17568,9050,781,0,0,0,306,1138,431,2149,849,13282,7768,68880,26920,4658,301,0,0,201,878,2501,1014,3917,1274,5718,3362,7740,16226,19224,1231,0,0,693,203,3541,479,1939,1388,3081,1543,3031,1212,0,0,0,233,810,207,408,156,1724,541,2217,1942,14248,1725,0,0,2565,596,6620,5682,709,0,574,0,214,0,408,0,0,0,0,0,0,0,0,0,0,433,0,444,396,156,0,0,0,0,0,0,0,0,0,0,0,0,0,2119,239,0,0,0,0,0,0,0,0,0,0,0,0,0,0,0,0,0,0,0,0,0,0,0,0,0,0,0,0,0,0,0,0,0,0,0,0,0,0,0,0,0,0,0,0,0,0,0,0,0,0,0,403,0,0,0,0,0,0,0,0,0,0,0,0,0,0,0,0,0,0,0,0,0,0,0,0,0,0,0,0,0,0,0,0,0,0,0,0,0,0,0,0,0,0,0,0,0,0,0,0,0,0,0,0,0,0,0,0,0,0,0,0,0,0,0,0,0,0,0,0,0,0,0,0,0,334,0,0,0,0,0,0,0,0,0,0,0,0,0,0,0,0,0,0,0,0,0,0,0,0,0,0,0,0,0,0,0,0,0,0,0,0,0,0,0,0,0,0,0,0,0,0,0,0,0,0,0,0,0,0,0,0,0,0,0,0,0,0,0,0,0,0,0,0,0,0,0,0,0,0,0,0,0,0,0,0,0,0,0,0,0,0,0,0,0,0,0,0,0,0,0,0,0,0,0,0,0,0,0,0,0,0,0,0,0,0,0,0,0,0,0,0,0,0,0,0,0,0,0,0,0,0,0,0,0,0,0,0,0,0,0,0,0,0,0,0,0,0,0,0,0,0,0,0
0,0,0,0,0,0,0,0,0,0,0,0,0,0,0,0,0,0,0,0,0,0,0,0,0,406,6815,4390,7856,266,0,1778,0,0,0,0,0,557,13307,8681,45872,6428,35456,1135,0,0,0,0,0,536,1522,1013,6687,3048,33128,20768,7355,677,0,0,0,259,806,232,2390,1301,13959,9051,81920,32288,5275,236,0,0,0,868,2942,808,3542,1124,4929,3295,8454,19840,22368,1763,0,0,628,0,3013,438,1649,1081,3347,1734,2606,949,180,0,0,0,495,0,485,0,1059,801,2278,2533,17480,2083,159,0,1825,427,4475,3665,472,0,616,196,282,200,400,0,0,0,0,0,0,0,0,0,0,553,0,347,379,232,0,0,0,0,0,0,0,0,0,0,0,0,0,2488,386,0,0,0,0,0,0,0,0,0,0,0,0,0,0,0,0,0,0,0,0,0,0,0,0,0,0,0,0,0,0,0,0,0,0,0,0,0,0,0,0,0,0,0,0,0,0,0,0,0,0,0,399,0,0,0,0,0,0,0,0,0,0,0,0,0,0,0,0,0,0,0,0,0,0,0,0,0,0,0,0,0,0,0,0,0,0,0,0,0,0,0,0,0,0,0,0,0,0,0,0,0,0,0,0,0,0,0,0,0,0,0,0,0,0,0,0,0,0,0,0,0,0,0,0,0,252,0,0,0,0,0,0,0,0,0,0,0,0,0,0,0,0,0,0,0,0,0,0,0,0,0,0,0,0,0,0,0,0,0,0,0,0,0,0,0,0,0,0,0,0,0,0,0,0,0,0,0,0,0,0,0,0,0,0,0,0,0,0,0,0,0,0,0,0,0,0,0,0,0,0,0,0,0,0,0,0,0,0,0,0,0,0,0,0,0,0,0,0,0,0,0,0,0,0,0,0,0,0,0,0,0,0,0,0,0,0,0,0,0,0,0,0,0,0,0,0,0,0,0,0,0,0,0,0,0,0,0,0,0,0,0,0,0,0,0,0,0,0,0,0,0,0,0,0
0,0,0,0,0,0,0,0,0,0,0,0,0,0,0,0,0,0,0,0,0,0,0,0,0,451,8223,4261,7976,201,0,1850,0,167,0,0,192,326,13075,9084,47392,6664,36336,1240,0,0,0,0,0,737,1868,820,7290,3322,33992,22992,7170,416,0,0,0,307,759,252,2545,1096,14496,8756,88160,35632,6053,383,0,0,0,952,2315,944,3847,1211,4034,4069,9225,22456,25472,1572,0,0,348,0,2706,486,1564,909,3826,1471,2714,1006,0,0,0,150,488,0,399,151,973,182,2359,2301,19984,2255,157,0,1835,423,3852,3507,449,0,755,0,705,187,329,0,0,0,0,0,0,0,0,0,0,377,245,341,597,305,0,0,0,0,0,0,0,0,0,0,0,0,0,2743,481,0,0,0,0,0,0,0,0,0,0,0,0,0,0,0,0,0,0,0,0,0,0,0,0,0,0,0,0,0,0,0,0,0,0,0,0,0,0,0,0,0,0,0,0,0,0,0,0,0,0,0,374,0,0,0,0,0,0,0,0,0,0,0,0,0,0,0,0,0,0,0,0,0,0,0,0,0,0,0,0,0,0,0,0,0,0,0,0,0,0,0,0,0,0,0,0,0,0,0,0,0,0,0,0,0,0,0,0,0,0,0,0,0,0,0,0,0,0,0,0,0,0,0,0,0,317,0,0,0,0,0,0,0,0,0,0,0,0,0,0,0,0,0,0,0,0,0,0,0,0,0,0,0,0,0,0,0,0,0,0,0,0,0,0,0,0,0,0,0,0,0,0,0,0,0,0,0,0,0,0,0,0,0,0,0,0,0,0,0,0,0,0,0,0,0,0,0,0,0,0,0,0,0,0,0,0,0,0,0,0,0,0,0,0,0,0,0,0,0,0,0,0,0,0,0,0,0,0,0,0,0,0,0,0,0,0,0,0,0,0,0,0,0,0,0,0,0,0,0,0,0,0,0,0,0,0,0,0,0,0,0,0,0,0,0,0,0,0,0,0,0,0,0,0
0,0,0,0,0,0,0,0,0,0,0,0,0,0,0,0,0,0,0,0,0,0,0,0,0,239,7448,3967,7345,0,0,2076,0,0,0,0,0,621,11787,8706,39304,5722,33152,1564,0,0,0,0,0,618,1784,733,6013,2478,29424,20968,6558,331,0,0,0,352,882,348,2527,1042,12388,7143,75760,29408,4809,169,0,283,0,731,3153,855,3749,1313,4861,3692,8683,18720,21144,1368,0,0,290,0,2988,389,1687,641,3987,913,2402,1010,0,0,0,200,757,0,332,0,899,336,2617,2099,16632,2197,180,0,1462,380,4574,3741,401,0,758,176,940,216,378,0,0,0,0,0,0,0,0,0,0,404,193,560,511,441,0,0,0,0,0,0,0,0,0,0,0,0,0,2604,433,0,0,0,0,0,0,0,0,0,0,0,0,0,0,0,0,0,0,0,0,0,0,0,0,0,0,0,0,0,0,0,0,0,0,0,0,0,0,0,0,0,0,0,0,0,0,0,0,0,0,0,517,0,0,0,0,0,0,0,0,0,0,0,0,0,0,0,0,0,0,0,0,0,0,0,0,0,0,0,0,0,0,0,0,0,0,0,0,0,0,0,0,0,0,0,0,0,0,0,0,0,0,0,0,0,0,0,0,0,0,0,0,0,0,0,0,0,0,0,0,0,0,0,0,0,422,182,0,0,0,0,0,0,0,0,0,0,0,0,0,0,0,0,0,0,0,0,0,0,0,0,0,0,0,0,0,0,0,0,0,0,0,0,0,0,0,0,0,0,0,0,0,0,0,0,0,0,0,0,0,0,0,0,0,0,0,0,0,0,0,0,0,0,0,0,0,0,0,0,0,0,0,0,0,0,0,0,0,0,0,0,0,0,0,0,0,0,0,0,0,0,0,0,0,0,0,0,0,0,0,0,0,0,0,0,0,0,0,0,0,0,0,0,0,0,0,0,0,0,0,0,0,0,0,0,0,0,0,0,0,0,0,0,0,0,0,0,0,0,0,0,0,0,0
0,0,0,0,0,0,0,0,0,0,0,0,0,0,0,0,0,0,0,0,0,0,0,0,0,342,5437,4045,5357,0,0,1973,0,0,0,0,0,442,8729,7265,27568,4408,20880,1092,0,0,0,0,0,439,1311,723,4617,1611,21616,14755,5392,361,0,0,0,0,608,320,1715,992,9775,4786,50776,20280,2992,163,0,0,0,759,2719,815,4380,1384,4599,2597,6309,12179,13024,965,0,0,406,0,3037,376,2394,1350,3667,1261,2225,736,0,0,0,0,640,0,536,254,978,451,2560,1618,10690,1226,0,0,1483,384,3857,3535,506,0,901,0,660,0,209,0,0,0,0,0,0,0,0,160,0,783,184,700,402,516,0,0,0,0,0,0,0,0,0,0,0,0,0,1799,239,0,0,0,0,0,0,0,0,0,0,0,0,0,0,0,0,0,0,0,0,0,0,0,0,0,0,0,0,0,0,0,0,0,0,0,0,0,0,0,0,0,0,0,0,0,0,0,0,0,0,0,312,0,0,0,0,0,0,0,0,0,0,0,0,0,0,0,0,0,0,0,0,0,0,0,0,0,0,0,0,0,0,0,0,0,0,0,0,0,0,0,0,0,0,0,0,0,0,0,0,0,0,0,0,0,0,0,0,0,0,0,0,0,0,0,0,0,0,0,0,0,0,0,0,0,388,0,0,0,0,0,0,0,0,0,0,0,0,0,0,0,0,0,0,0,0,0,0,0,0,0,0,0,0,0,0,0,0,0,0,0,0,0,0,0,0,0,0,0,0,0,0,0,0,0,0,0,0,0,0,0,0,0,0,0,0,0,0,0,0,0,0,0,0,0,0,0,0,0,0,0,0,0,0,0,0,0,0,0,0,0,0,0,0,0,0,0,0,0,0,0,0,0,0,0,0,0,0,0,0,0,0,0,0,0,0,0,0,0,0,0,0,0,0,0,0,0,0,0,0,0,0,0,0,0,0,0,0,0,0,0,0,0,0,0,0,0,0,0,0,0,0,0,0
0,0,0,0,0,0,0,0,0,0,0,0,0,0,0,0,0,0,0,0,0,0,0,0,0,221,3389,4338,3273,0,0,1575,0,0,0,0,0,242,6723,7415,16936,2715,11891,772,0,0,0,0,0,510,1334,714,3473,1510,14292,9669,4966,408,0,0,0,246,432,276,1762,1149,6798,3136,30136,9940,2520,0,0,0,157,938,2417,1277,4865,2359,4380,2510,4803,7658,7913,556,0,0,225,0,2510,854,2880,1476,4276,1115,1676,643,223,0,0,0,361,0,922,393,1276,339,1913,1250,6085,851,0,0,1214,294,2610,2124,531,0,944,299,675,0,177,0,0,0,0,0,0,0,0,288,0,1048,0,548,220,548,177,0,0,0,0,0,0,0,0,0,0,0,0,1259,168,0,0,0,0,0,0,0,0,0,0,0,0,0,0,0,0,0,0,0,0,0,0,0,0,0,0,0,0,0,0,0,0,0,0,0,0,0,0,0,0,0,0,0,0,0,0,0,0,0,0,0,277,0,0,0,0,0,0,0,0,0,0,0,0,0,0,0,0,0,0,0,0,0,0,0,0,0,0,0,0,0,0,0,0,0,0,0,0,0,0,0,0,0,0,0,0,0,0,0,0,0,0,0,0,0,0,0,0,0,0,0,0,0,0,0,0,0,0,0,0,0,0,0,0,0,317,0,0,0,0,0,0,0,0,0,0,0,0,0,0,0,0,0,0,0,0,0,0,0,0,0,0,0,0,0,0,0,0,0,0,0,0,0,0,0,0,0,0,0,0,0,0,0,0,0,0,0,0,0,0,0,0,0,0,0,0,0,0,0,0,0,0,0,0,0,0,0,0,0,0,0,0,0,0,0,0,0,0,0,0,0,0,0,0,0,0,0,0,0,0,0,0,0,0,0,0,0,0,0,0,0,0,0,0,0,0,0,0,0,0,0,0,0,0,0,0,0,0,0,0,0,0,0,0,0,0,0,0,0,0,0,0,0,0,0,0,0,0,0,0,0,0,0,0
0,0,0,0,0,0,0,0,0,0,0,0,0,0,0,0,0,0,0,0,0,0,0,0,0,194,3273,4280,3221,0,0,2037,0,0,0,0,0,184,5016,6954,14049,3118,13185,775,0,0,0,0,0,501,1101,533,3016,1187,12775,7809,9193,726,0,0,0,173,322,228,1268,1005,7255,3094,19936,7750,4182,236,0,0,0,1153,2617,812,5700,3415,5055,2126,3796,4857,5282,348,0,0,0,0,2672,1122,3969,1899,4266,1255,1405,874,375,0,0,0,373,211,889,507,1531,835,1950,815,3627,509,200,0,625,0,1401,1008,595,0,1452,296,662,175,0,0,0,0,0,0,0,0,0,496,0,867,191,647,183,478,0,214,0,0,0,0,0,0,0,0,0,0,0,1067,172,0,0,0,0,0,0,0,0,0,0,0,0,0,0,0,0,0,0,0,0,0,0,0,0,0,0,0,0,0,0,0,0,0,0,0,0,0,0,0,0,0,0,0,0,0,0,0,0,0,0,0,481,0,0,0,0,0,0,0,0,0,0,0,0,0,0,0,0,0,0,0,0,0,0,0,0,0,0,0,0,0,0,0,0,0,0,0,0,0,0,0,0,0,0,0,0,0,0,0,0,0,0,0,0,0,0,0,0,0,0,0,0,0,0,0,0,0,0,0,0,0,0,0,0,0,325,0,0,0,0,0,0,0,0,0,0,0,0,0,0,0,0,0,0,0,0,0,0,0,0,0,0,0,0,0,0,0,0,0,0,0,0,0,0,0,0,0,0,0,0,0,0,0,0,0,0,0,0,0,0,0,0,0,0,0,0,0,0,0,0,0,0,0,0,0,0,0,0,0,0,0,0,0,0,0,0,0,0,0,0,0,0,0,0,0,0,0,0,0,0,0,0,0,0,0,0,0,0,0,0,0,0,0,0,0,0,0,0,0,0,0,0,0,0,0,0,0,0,0,0,0,0,0,0,0,0,0,0,0,0,0,0,0,0,0,0,0,0,0,0,0,0,0,0
0,0,0,0,0,0,0,0,0,0,0,0,0,0,0,0,0,0,0,0,0,0,0,0,0,327,5419,4194,5964,0,0,1668,0,0,0,0,0,356,7136,7998,24560,4310,24848,1368,0,0,0,0,0,387,1248,663,3787,1485,15868,11763,20064,1070,0,0,0,296,472,407,1656,1333,7790,3839,27272,12244,9564,601,0,0,0,740,3148,1013,6188,3386,6401,2197,4174,7630,10732,846,0,0,0,0,3131,1026,3185,2142,3718,1265,1636,1187,1042,0,0,0,218,183,1084,472,1517,369,2171,886,3979,942,439,0,490,0,844,654,683,0,1461,309,845,0,178,0,0,0,0,0,0,0,0,471,0,1008,398,880,212,311,0,837,0,0,0,0,0,0,0,0,0,0,0,909,0,0,0,0,0,0,0,0,0,0,0,0,0,0,0,0,0,0,0,0,0,0,0,0,0,0,0,0,0,0,0,0,0,0,0,0,0,0,0,0,0,0,0,0,0,0,0,0,0,0,0,0,373,0,0,0,0,0,0,0,0,0,0,0,0,0,0,0,0,0,0,0,0,0,0,0,0,0,0,0,0,0,0,0,0,0,0,0,0,0,0,0,0,0,0,0,0,0,0,0,0,0,0,0,0,0,0,0,0,0,0,0,0,0,0,0,0,0,0,0,0,0,0,0,0,0,204,0,0,0,0,0,0,0,0,0,0,0,0,0,0,0,0,0,0,0,0,0,0,0,0,0,0,0,0,0,0,0,0,0,0,0,0,0,0,0,0,0,0,0,0,0,0,0,0,0,0,0,0,0,0,0,0,0,0,0,0,0,0,0,0,0,0,0,0,0,0,0,0,0,0,0,0,0,0,0,0,0,0,0,0,0,0,0,0,0,0,0,0,0,0,0,0,0,0,0,0,0,0,0,0,0,0,0,0,0,0,0,0,0,0,0,0,0,0,0,0,0,0,0,0,0,0,0,0,0,0,0,0,0,0,0,0,0,0,0,0,0,0,0,0,0,0,0,0
0,0,0,0,0,0,0,0,0,0,0,0,0,0,0,0,0,0,0,0,0,0,0,0,0,394,8888,5020,10739,209,0,2009,0,0,0,0,243,404,11559,8467,41240,8525,48208,2104,0,0,0,0,0,397,1207,735,5586,2484,24584,18544,38880,1917,0,0,0,253,438,285,1962,1597,9716,4657,50864,23192,17096,1014,170,0,0,960,2717,1128,5334,3145,5823,3139,5587,15820,22520,1576,0,0,172,0,2141,1165,3419,1671,3697,1208,2177,2711,1705,296,0,0,479,0,889,321,1066,318,2437,1570,7539,1636,1028,0,283,0,368,299,478,0,1101,163,597,0,222,0,0,0,0,0,0,0,0,375,174,583,316,778,347,355,0,1812,273,0,0,0,0,0,0,0,0,0,0,2107,253,0,0,0,0,0,0,0,0,0,0,0,0,0,0,0,0,0,0,0,0,0,0,0,0,0,0,0,0,0,0,0,0,0,0,0,0,0,0,0,0,0,0,0,0,0,0,0,0,0,0,0,524,0,0,0,0,0,0,0,0,0,0,0,0,0,0,0,0,0,0,0,0,0,0,0,0,0,0,0,0,0,0,0,0,0,0,0,0,0,0,0,0,0,0,0,0,0,0,0,0,0,0,0,0,0,0,0,0,0,0,0,0,0,0,0,0,0,0,0,0,0,0,0,0,0,385,0,0,0,0,0,0,0,0,0,0,0,0,0,0,0,0,0,0,0,0,0,0,0,0,0,0,0,0,0,0,0,0,0,0,0,0,0,0,0,0,0,0,0,0,0,0,0,0,0,0,0,0,0,0,0,0,0,0,0,0,0,0,0,0,0,0,0,0,0,0,0,0,0,0,0,0,0,0,0,0,0,0,0,0,0,0,0,0,0,0,0,0,0,0,0,0,0,0,0,0,0,0,0,0,0,0,0,0,0,0,0,0,0,0,0,0,0,0,0,0,0,0,0,0,0,0,0,0,0,0,0,0,0,0,0,0,0,0,0,0,0,0,0,0,0,0,0,0
0,0,0,0,0,0,0,0,0,0,0,0,0,0,0,0,0,0,0,0,0,0,0,0,0,433,11570,5379,16218,292,0,1655,0,0,0,0,0,384,15657,9178,58576,11325,69568,2328,0,0,0,0,0,595,2085,897,7638,3249,35152,25688,55184,2714,0,0,0,0,498,171,2219,1124,12912,6840,76112,33432,24344,1491,0,0,0,856,3416,1028,5164,2564,5046,2950,7782,23024,33888,2276,0,0,0,0,2188,837,2611,1262,3322,1308,2855,3365,2735,170,0,0,242,0,920,325,1162,341,1960,1710,11472,2744,1526,165,0,0,354,184,578,0,847,306,911,242,206,0,0,0,0,0,0,0,0,391,0,612,341,943,421,523,0,2320,0,0,0,0,0,0,0,0,0,262,0,2449,297,0,0,0,0,0,0,0,0,0,0,0,0,0,0,0,0,0,0,0,0,0,0,0,0,0,0,0,0,0,0,0,0,0,0,0,0,0,0,0,0,0,0,0,0,0,0,0,0,0,0,0,345,0,0,0,0,0,0,0,0,0,0,0,0,0,0,0,0,0,0,0,0,0,0,0,0,0,0,0,0,0,0,0,0,0,0,0,0,0,0,0,0,0,0,0,0,0,0,0,0,0,0,0,0,0,0,0,0,0,0,0,0,0,0,0,0,0,0,0,0,0,0,0,0,0,356,176,0,0,0,0,0,0,0,0,0,0,0,0,0,0,0,0,0,0,0,0,0,0,0,0,0,0,0,0,0,0,0,0,0,0,0,0,0,0,0,0,0,0,0,0,0,0,0,0,0,0,0,0,0,0,0,0,0,0,0,0,0,0,0,0,0,0,0,0,0,0,0,0,0,0,0,0,0,0,0,0,0,0,0,0,0,0,0,0,0,0,0,0,0,0,0,0,0,0,0,0,0,0,0,0,0,0,0,0,0,0,0,0,0,0,0,0,0,0,0,0,0,0,0,0,0,0,0,0,0,0,0,0,0,0,0,0,0,0,0,0,0,0,0,0,0,0,0
0,0,0,0,0,0,0,0,0,0,0,0,0,0,0,0,0,0,0,0,0,0,0,0,0,713,12339,5058,15968,381,0,1862,0,160,0,0,0,521,16968,8607,63904,12687,74216,2779,0,0,0,0,0,575,1781,1000,8075,3063,38296,28704,55376,2869,154,0,0,0,527,209,2359,1135,13396,7835,85296,39008,27632,1444,0,0,0,857,3067,899,4811,1849,5031,3250,8832,25200,38984,2345,0,0,0,0,2088,579,2044,986,3096,1185,2798,3967,3313,0,0,0,214,171,510,174,835,186,1919,2015,13802,2726,1572,0,0,0,397,239,158,0,756,472,1140,256,356,0,0,0,0,0,0,0,0,239,0,457,278,665,413,267,0,1987,231,0,0,0,0,0,0,0,0,0,0,2865,524,0,0,0,0,0,0,0,0,0,0,0,0,0,0,0,0,0,0,0,0,0,0,0,0,0,0,0,0,0,0,0,0,0,0,0,0,0,0,0,0,0,0,0,0,0,0,0,0,0,0,0,434,0,0,0,0,0,0,0,0,0,0,0,0,0,0,0,0,0,0,0,0,0,0,0,0,0,0,0,0,0,0,0,0,0,0,0,0,0,0,0,0,0,0,0,0,0,0,0,0,0,0,0,0,0,0,0,0,0,0,0,0,0,0,0,0,0,0,0,0,0,0,0,0,0,940,228,157,0,0,0,0,0,0,0,0,0,0,0,0,0,0,0,0,0,0,0,0,0,0,0,0,0,0,0,0,0,0,0,0,0,0,0,0,0,0,0,0,0,0,0,0,0,0,0,0,0,0,0,0,0,0,0,0,0,0,0,0,0,0,0,0,0,0,0,0,0,0,0,0,0,0,0,0,0,0,0,0,0,0,0,0,0,0,0,0,0,0,0,0,0,0,0,0,0,0,0,0,0,0,0,0,0,0,0,0,0,0,0,0,0,0,0,0,0,0,0,0,0,0,0,0,0,0,0,0,0,0,0,0,0,0,0,0,0,0,0,0,0,0,0,0,0,0
0,0,0,0,0,0,0,0,0,0,0,0,0,0,0,0,0,0,0,0,0,0,0,0,0,473,10568,5368,12895,223,0,1778,0,0,0,0,0,498,13698,8805,51496,9641,58688,2067,159,0,0,0,0,469,1527,595,5927,2306,34616,23584,40416,1463,0,0,0,186,444,152,2311,1473,12289,7196,74208,32912,21112,1228,0,0,0,962,2563,685,5156,2254,4466,2900,8731,23392,30816,1953,0,0,0,0,2134,506,2154,1451,2648,840,2026,2626,2833,224,0,0,207,0,487,0,830,173,1424,1566,12771,2072,1198,0,0,0,204,227,0,0,768,860,1065,244,405,0,0,0,0,0,0,0,0,0,0,293,179,522,385,0,0,2129,180,0,0,0,0,0,0,0,0,0,0,2939,209,0,0,0,0,0,0,0,0,0,0,0,0,0,0,0,0,0,0,0,0,0,0,0,0,0,0,0,0,0,0,0,0,0,0,0,0,0,0,0,0,0,0,0,0,0,0,0,0,0,0,0,414,0,0,0,0,0,0,0,0,0,0,0,0,0,0,0,0,0,0,0,0,0,0,0,0,0,0,0,0,0,0,0,0,0,0,0,0,0,0,0,0,0,0,0,0,0,0,0,0,0,0,0,0,0,0,0,0,0,0,0,0,0,0,0,0,0,0,0,0,0,0,0,0,0,1294,371,189,0,0,0,0,0,0,0,0,0,0,0,0,0,0,0,0,0,0,0,0,0,0,0,0,0,0,0,0,0,0,0,0,0,0,0,0,0,0,0,0,0,0,0,0,0,0,0,0,0,0,0,0,0,0,0,0,0,0,0,0,0,0,0,0,0,0,0,0,0,0,0,0,0,0,0,0,0,0,0,0,0,0,0,0,0,0,0,0,0,0,0,0,0,0,0,0,0,0,0,0,0,0,0,0,0,0,0,0,0,0,0,0,0,0,0,0,0,0,0,0,0,0,0,0,0,0,0,0,0,0,0,0,0,0,0,0,0,0,0,0,0,0,0,0,0,0
0,0,0,0,0,0,0,0,0,0,0,0,0,0,0,0,0,0,0,0,0,0,0,0,0,257,5903,4318,7763,168,0,1762,0,0,0,0,0,296,8501,8127,32088,5872,33760,1517,0,0,0,0,0,594,1316,496,4342,1958,21056,14199,22904,1032,0,0,0,0,421,156,1572,970,8512,4615,46496,18944,12175,839,0,0,0,826,2233,676,5438,2634,4500,2655,5072,14605,18976,1218,0,0,0,0,1811,457,2986,1468,2515,698,1692,1980,1209,0,0,0,206,0,423,0,1126,236,1221,1232,7656,1500,462,0,0,0,178,174,269,0,886,1307,1063,198,347,0,0,0,0,0,0,0,191,0,0,239,183,458,191,0,0,831,0,0,0,0,0,0,0,0,0,0,0,1956,190,0,0,0,0,0,0,0,0,0,0,0,0,0,0,0,0,0,0,0,0,0,0,0,0,0,0,0,0,0,0,0,0,0,0,0,200,0,0,0,0,0,0,0,0,0,0,0,0,0,0,0,462,0,0,0,0,0,0,0,0,0,0,0,0,0,0,0,0,0,0,0,0,0,0,0,0,0,0,0,0,0,0,0,0,0,0,0,0,0,0,0,0,0,0,0,0,0,0,0,0,0,0,0,0,0,0,0,0,0,0,0,0,0,0,0,0,0,0,0,0,0,0,0,0,0,1478,366,301,0,0,0,0,0,0,0,0,0,0,0,0,0,0,0,0,0,0,0,0,0,0,0,0,0,0,0,0,0,0,0,0,0,0,0,0,0,0,0,0,0,0,0,0,0,0,0,0,0,0,0,0,0,0,0,0,0,0,0,0,0,0,0,0,0,0,0,0,0,0,0,0,0,0,0,0,0,0,0,0,0,0,0,0,0,0,0,0,0,0,0,0,0,0,0,0,0,0,0,0,0,0,0,0,0,0,0,0,0,0,0,0,0,0,0,0,0,0,0,0,0,0,0,0,0,0,0,0,0,0,0,0,0,0,0,0,0,0,0,0,0,0,0,0,0,0
0,0,0,0,0,0,0,0,0,0,0,0,0,0,0,0,0,0,0,0,0,0,0,0,0,219,3416,4138,3926,0,0,1725,0,0,0,0,0,162,5729,7479,16960,2887,16776,968,0,0,0,0,0,205,811,614,2792,1241,12080,6275,12338,368,0,0,0,0,331,341,1519,675,5397,2400,23896,9711,8369,388,200,0,0,777,2182,642,5283,2795,4846,2420,3766,6862,9074,370,0,0,0,0,1476,433,2755,1783,1990,1126,931,630,400,0,0,0,0,0,420,0,929,239,1341,720,5231,1315,415,0,0,0,241,158,0,0,745,1607,644,170,349,0,0,0,0,0,0,0,207,0,0,233,269,556,0,0,0,463,0,0,0,0,0,0,0,0,0,0,0,908,0,0,0,0,0,0,0,0,0,0,0,0,0,0,0,0,0,0,0,0,0,0,0,0,0,0,0,0,0,0,0,0,0,0,0,0,164,0,0,0,0,0,0,0,0,0,0,0,0,0,0,0,424,0,0,0,0,0,0,0,0,0,0,0,0,0,0,0,0,0,0,0,0,0,0,0,0,0,0,0,0,0,0,0,0,0,0,0,0,0,0,0,0,0,0,0,0,0,0,0,0,0,0,0,0,0,0,0,0,0,237,0,0,0,0,0,0,0,0,0,0,0,0,0,0,0,1742,390,245,0,0,0,0,0,0,0,0,0,0,0,0,0,0,0,0,0,0,0,0,0,0,0,0,0,0,0,0,0,0,0,0,0,0,0,0,0,0,0,0,0,0,0,0,0,0,0,0,0,0,0,0,0,0,0,0,0,0,0,0,0,0,0,0,0,0,0,0,0,0,0,0,0,0,0,0,0,0,0,0,0,0,0,0,0,0,0,0,0,0,0,0,0,0,0,0,0,0,0,0,0,0,0,0,0,0,0,0,0,0,0,0,0,0,0,0,0,0,0,0,0,0,0,0,0,0,0,0,0,0,0,0,0,0,0,0,0,0,0,0,0,0,0,0,0,0
0,0,0,0,0,0,0,0,0,0,0,0,0,0,0,0,0,0,0,0,0,0,0,0,0,232,2690,4004,3100,0,0,1918,0,0,0,0,0,181,5224,7446,13506,2481,13561,892,0,0,0,0,0,343,850,453,2229,778,9134,3598,12993,714,0,0,0,0,296,293,1292,562,5091,2387,12963,6056,11471,509,0,0,0,918,1766,590,3931,2249,3899,2298,2785,3445,3594,224,0,0,0,0,1603,391,2666,2191,2242,685,839,369,204,0,0,0,0,0,684,182,1077,397,1360,430,5794,1112,370,0,204,0,196,0,203,189,989,917,767,0,173,0,0,0,0,0,0,0,360,202,0,257,150,675,0,0,0,0,0,0,0,0,0,0,0,0,0,0,0,401,0,0,0,0,0,0,0,0,0,0,0,0,0,0,0,0,0,0,0,0,0,0,0,0,0,0,0,0,0,0,0,0,0,0,0,0,0,0,0,0,0,0,0,0,0,0,0,0,0,0,0,0,391,168,0,0,0,0,0,0,0,0,0,0,0,0,0,0,0,0,0,0,0,0,0,0,0,0,0,0,0,0,0,0,0,0,0,0,0,0,0,0,0,0,0,0,0,0,0,0,0,0,0,0,0,0,0,0,0,0,0,0,0,0,0,0,0,0,0,0,0,0,0,0,0,0,1416,198,190,0,0,0,0,0,0,0,0,0,0,0,0,0,0,0,0,0,0,0,0,0,0,0,0,0,0,0,0,0,0,0,0,0,0,0,0,0,0,0,0,0,0,0,0,0,0,0,0,0,0,0,0,0,0,0,0,0,0,0,0,0,0,0,0,0,0,0,0,0,0,0,0,0,0,0,0,0,0,0,0,0,0,0,0,0,0,0,0,0,0,0,0,0,0,0,0,0,0,0,0,0,0,0,0,0,0,0,0,0,0,0,0,0,0,0,0,0,0,0,0,0,0,0,0,0,0,0,0,0,0,0,0,0,0,0,0,0,0,0,0,0,0,0,0,0,0
0,0,0,0,0,0,0,0,0,0,0,0,0,0,0,0,0,0,0,0,0,0,0,0,0,0,3387,4005,3677,189,0,1753,0,0,0,0,0,283,6561,7284,16488,3452,19600,830,0,0,0,0,0,259,632,467,2723,996,11834,3759,20408,1144,0,0,0,150,311,0,1217,597,5996,2244,13107,6111,20000,1429,0,0,0,671,2113,531,4299,1683,4215,2290,2783,3210,3103,212,0,0,157,0,1752,336,2426,1629,2841,892,949,291,194,0,0,0,150,0,530,0,815,365,1680,754,10676,1594,326,0,228,0,0,280,287,0,1098,588,587,0,220,0,0,0,0,0,0,0,0,0,0,358,153,589,0,0,0,0,0,0,0,0,0,0,0,0,0,0,0,163,0,0,0,0,0,0,0,0,0,0,0,0,0,0,0,0,0,0,0,0,0,0,0,0,0,0,0,0,0,0,0,0,0,0,0,0,0,0,0,0,0,0,0,0,0,0,0,0,0,0,0,0,420,0,0,0,0,0,0,0,0,0,0,0,0,0,0,0,0,0,0,0,0,0,0,0,0,0,0,0,0,0,0,0,0,0,0,0,0,0,0,0,0,0,0,0,0,0,0,0,0,0,0,0,0,0,0,0,0,0,0,0,0,0,0,0,0,0,0,0,0,0,0,0,0,0,762,181,0,0,0,0,0,0,0,0,0,0,0,0,0,0,0,0,0,0,0,0,0,0,0,0,0,0,0,0,0,0,0,0,0,0,0,0,0,0,0,0,0,0,0,0,0,0,0,0,0,0,0,0,0,0,0,0,0,0,0,0,0,0,0,0,0,0,0,0,0,0,0,0,0,0,0,0,0,0,0,0,0,0,0,0,0,0,0,0,0,0,0,0,0,0,0,0,0,0,0,0,0,0,0,0,0,0,0,0,0,0,0,0,0,0,0,0,0,0,0,0,0,0,0,0,0,0,0,0,0,0,0,0,0,0,0,0,0,0,0,0,0,0,0,0,0,0,0
0,0,0,0,0,0,0,0,0,0,0,0,0,0,0,0,0,0,0,0,0,0,0,0,0,198,4553,3553,5272,0,0,2031,0,0,0,0,0,293,7919,7517,22584,4081,26840,1163,0,0,0,0,0,483,912,376,3378,1148,15201,3385,30536,1519,0,0,0,0,394,165,1371,523,5999,2501,17272,7956,29328,1789,0,0,0,721,1659,756,3098,1090,4283,2445,2966,3300,4235,464,0,0,0,0,1521,292,2124,1480,4029,1186,1511,353,316,0,0,0,252,164,431,0,856,319,1712,858,15236,2648,826,0,216,0,160,287,231,0,736,466,627,0,196,0,0,0,0,0,0,0,0,264,205,530,159,772,356,0,0,0,0,0,0,0,0,0,0,0,0,0,0,0,0,0,0,0,0,0,0,0,0,0,0,0,0,0,0,0,0,0,0,0,0,0,0,0,0,0,0,0,0,0,0,0,0,0,0,0,0,0,0,0,0,0,0,0,0,0,0,0,0,0,0,0,467,0,0,0,0,0,0,0,0,0,0,0,0,0,0,0,0,0,0,0,0,0,0,0,0,0,0,0,0,0,0,0,0,0,0,0,0,0,0,0,0,0,0,0,0,0,0,0,0,0,0,0,0,0,0,0,0,0,0,0,0,0,0,0,0,0,0,0,0,0,0,0,0,0,351,0,0,0,0,0,0,0,0,0,0,0,0,0,0,0,0,0,0,0,0,0,0,0,0,0,0,0,0,0,0,0,0,0,0,0,0,0,0,0,0,0,0,0,0,0,0,0,0,0,0,0,0,0,0,0,0,0,0,0,0,0,0,0,0,0,0,0,0,0,0,0,0,0,0,0,0,0,0,0,0,0,0,0,0,0,0,0,0,0,0,0,0,0,0,0,0,0,0,0,0,0,0,0,0,0,0,0,0,0,0,0,0,0,0,0,0,0,0,0,0,0,0,0,0,0,0,0,0,0,0,0,0,0,0,0,0,0,0,0,0,0,0,0,0,0,0,0,0
0,0,0,0,0,0,0,0,0,0,0,0,0,0,0,0,0,0,0,0,0,0,0,0,0,330,4719,4050,5245,0,0,1745,0,0,0,0,0,338,8354,7093,23200,4454,27520,1165,0,0,0,0,0,228,1265,596,3570,1131,15917,3724,33424,2007,0,0,0,0,351,152,1078,393,6826,2640,17496,7847,31704,1916,0,0,0,941,1748,512,3096,1223,4082,2491,3277,3361,4211,292,0,0,0,0,1665,281,1732,1216,5502,1365,1846,379,562,0,0,0,381,220,452,198,580,350,2025,1186,17120,2783,771,0,0,0,406,240,361,0,293,437,490,0,178,0,0,0,0,0,0,0,0,0,0,287,0,984,555,0,0,0,0,0,0,0,0,0,0,0,0,0,0,0,0,0,0,0,0,0,0,0,0,0,0,0,0,0,0,0,0,0,0,0,0,0,0,0,0,0,0,0,0,0,0,0,0,0,0,0,0,0,0,0,0,0,0,0,0,0,0,0,0,0,0,0,415,0,168,0,0,0,0,0,0,0,0,0,0,0,0,0,0,0,0,0,0,0,0,0,0,0,0,0,0,0,0,0,0,0,0,0,0,0,0,0,0,0,0,0,0,0,0,0,0,0,0,0,0,0,0,0,0,0,0,0,0,0,0,0,0,0,0,0,0,0,0,0,0,0,246,0,0,0,0,0,0,0,0,0,0,0,0,0,0,0,0,0,0,0,0,0,0,0,0,0,0,0,0,0,0,0,0,0,0,0,0,0,0,0,0,0,0,0,0,0,0,0,0,0,0,0,0,0,0,0,0,0,0,0,0,0,0,0,0,0,0,0,0,0,0,0,0,0,0,0,0,0,0,0,0,0,0,0,0,0,0,0,0,0,0,0,0,0,0,0,0,0,0,0,0,0,0,0,0,0,0,0,0,0,0,0,0,0,0,0,0,0,0,0,0,0,0,0,0,0,0,0,0,0,0,0,0,0,0,0,0,0,0,0,0,0,0,0,0,0,0,0,0
0,0,0,0,0,0,0,0,0,0,0,0,0,0,0,0,0,0,0,0,0,0,0,0,0,270,3877,3856,3971,156,0,2088,0,0,0,0,0,266,6774,7141,19656,3589,22232,980,0,0,0,0,0,208,746,544,2915,1091,13982,3057,26328,1311,0,0,0,0,239,188,1401,548,6521,2417,14083,6173,26848,1656,0,0,0,955,1926,609,3127,695,3704,1857,2909,2957,3275,248,0,0,0,0,1695,328,1950,941,5927,1204,2595,502,329,0,0,0,190,0,295,0,750,0,1793,1105,13901,2422,647,0,0,0,235,237,0,0,336,170,441,0,0,0,0,0,0,0,0,0,0,195,0,386,210,943,324,0,0,0,0,0,0,0,0,0,0,0,0,0,0,215,0,0,0,0,0,0,0,0,0,0,0,0,0,0,0,0,0,0,0,0,0,0,0,0,0,0,0,0,0,0,0,0,0,0,0,0,0,0,0,0,0,0,0,0,0,0,0,0,0,0,0,0,451,0,0,0,0,0,0,0,0,0,0,0,0,0,0,0,0,0,0,0,0,0,0,0,0,0,0,0,0,0,0,0,0,0,0,0,0,0,0,0,0,0,0,0,0,0,0,0,0,0,0,0,0,0,0,0,0,0,0,0,0,0,0,0,0,0,0,0,0,0,0,0,0,0,0,0,0,0,0,0,0,0,0,0,0,0,0,0,0,0,0,0,0,0,0,0,0,0,0,0,0,0,0,0,0,0,0,0,0,0,0,0,0,0,0,0,0,0,0,0,0,0,0,0,0,0,0,0,0,0,0,0,0,0,0,0,0,0,0,0,0,0,0,0,0,0,0,0,0,0,0,0,0,0,0,0,0,0,0,0,0,0,0,0,0,0,0,0,0,0,0,0,0,0,0,0,0,0,0,0,0,0,0,0,0,0,0,0,0,0,0,0,0,0,0,0,0,0,0,0,0,0,0,0,0,0,0,0,0,0,0,0,0,0,0,0,0,0,0,0,0,0,0
0,0,0,0,0,0,0,0,0,0,0,0,0,0,0,0,0,0,0,0,0,0,0,0,0,0,2523,3888,2948,0,0,1884,0,0,0,0,0,257,5259,7611,12851,1993,12857,647,0,0,0,0,0,186,579,376,2060,826,11779,2382,15638,835,0,0,0,0,258,240,1199,626,5125,2092,11349,3936,15856,675,0,0,0,633,1592,572,2365,822,3204,1699,2275,1932,2223,0,0,0,0,0,1469,501,1809,985,6092,1708,3829,531,333,0,0,0,0,0,334,0,547,150,1711,750,8558,1520,403,0,0,0,183,0,336,0,259,0,417,0,0,0,0,0,0,0,0,0,0,201,0,225,0,935,240,0,0,0,0,0,0,0,0,0,0,0,0,0,0,227,0,0,0,0,0,0,0,0,0,0,0,0,0,0,0,0,0,0,0,0,0,0,0,0,0,0,0,0,0,0,0,0,0,0,0,0,0,0,0,0,0,0,0,0,0,0,0,0,0,0,0,0,480,0,0,0,0,0,0,0,0,0,0,0,0,0,0,0,0,0,0,0,0,0,0,0,0,0,0,0,0,0,0,0,0,0,0,0,0,0,0,0,0,0,0,0,0,0,0,0,0,0,0,0,0,0,0,0,0,0,0,0,0,0,0,0,0,0,0,0,0,0,0,0,0,0,0,0,0,0,0,0,0,0,0,0,0,0,0,0,0,0,0,0,0,0,0,0,0,0,0,0,0,0,0,0,0,0,0,0,0,0,0,0,0,0,0,0,0,0,0,0,0,0,0,0,0,0,0,0,0,0,0,0,0,0,0,0,0,0,0,0,0,0,0,0,0,0,0,0,0,0,0,0,0,0,0,0,0,0,0,0,0,0,0,0,0,0,0,0,0,0,0,0,0,0,0,0,0,0,0,0,0,0,0,0,0,0,0,0,0,0,0,0,0,0,0,0,0,0,0,0,0,0,0,0,0,0,0,0,0,0,0,0,0,0,0,0,0,0,0,0,0,0,0
0,0,0,0,0,0,0,0,0,0,0,0,0,0,0,0,0,0,0,0,0,0,0,0,0,156,1962,3865,2041,0,0,1885,0,0,0,0,0,253,3518,7014,8005,1103,6470,443,0,0,0,0,0,164,515,319,1842,799,10871,1409,6436,254,0,0,0,0,178,228,978,326,5392,1501,7914,2388,6241,480,0,0,0,807,1161,485,2282,748,3555,1663,2402,1445,1222,0,0,0,0,0,1510,440,1730,620,5315,2087,4786,610,163,0,0,0,192,0,269,0,694,289,1919,538,4454,458,333,0,0,0,279,245,220,0,348,0,623,0,0,0,0,0,0,0,0,0,0,171,161,283,0,738,0,0,0,0,0,0,0,0,0,0,0,0,0,0,0,364,0,0,0,0,0,0,0,0,0,0,0,0,0,0,0,0,0,0,0,0,0,0,0,0,0,0,0,0,0,0,0,0,0,0,0,0,0,0,0,0,0,0,0,0,0,0,0,0,0,0,0,0,387,0,0,0,0,0,0,0,0,0,0,0,0,0,0,0,0,0,0,0,0,0,0,0,0,0,0,0,0,0,0,0,0,0,0,0,0,0,0,0,0,0,0,0,0,0,0,0,0,0,0,0,0,0,0,0,0,0,0,0,0,0,0,0,0,0,0,0,0,0,0,0,0,0,0,0,0,0,0,0,0,0,0,0,0,0,0,0,0,0,0,0,0,0,0,0,0,0,0,0,0,0,0,0,0,0,0,0,0,0,0,0,0,0,0,0,0,0,0,0,0,0,0,0,0,0,0,0,0,0,0,0,0,0,0,0,0,0,0,0,0,0,0,0,0,0,0,0,0,0,0,0,0,0,0,0,0,0,0,0,0,0,0,0,0,0,0,0,0,0,0,0,0,0,0,0,0,0,0,0,0,0,0,0,0,0,0,0,0,0,0,0,0,0,0,0,0,0,0,0,0,0,0,0,0,0,0,0,0,0,0,0,0,0,0,0,0,0,0,0,0,0,0
0,0,0,0,0,0,0,0,0,0,0,0,0,0,0,0,0,0,0,0,0,0,0,0,0,0,1238,3792,1234,0,0,1940,0,0,0,0,0,161,2532,6438,5472,859,3744,502,0,0,0,0,0,204,555,243,1714,766,8335,858,3405,0,0,0,0,0,221,163,853,549,4970,1562,6543,1561,2977,188,0,0,0,858,1414,610,2192,778,2901,1402,2778,845,482,0,0,0,0,0,1607,452,1678,525,5209,1671,4690,589,0,0,0,0,164,0,184,153,749,189,1763,296,2595,253,0,0,0,0,191,206,0,0,431,0,454,0,0,0,0,0,0,0,0,0,0,167,0,368,163,444,0,0,0,0,0,0,0,0,0,0,0,0,0,0,0,561,0,0,0,0,0,0,0,0,0,0,0,0,0,0,0,0,0,0,0,0,0,0,0,0,0,0,0,0,0,0,0,0,0,0,0,0,0,0,0,0,0,0,0,0,0,0,0,0,0,0,0,0,383,177,0,0,0,0,0,0,0,0,0,0,0,0,0,0,0,0,0,0,0,0,0,0,0,0,0,0,0,0,0,0,0,0,0,0,0,0,0,0,0,0,0,0,0,0,0,0,0,0,0,0,0,0,0,0,0,0,0,0,0,0,0,0,0,0,0,0,0,0,0,0,0,0,0,0,0,0,0,0,0,0,0,0,0,0,0,0,0,0,0,0,0,0,0,0,0,0,0,0,0,0,0,0,0,0,0,0,0,0,0,0,0,0,0,0,0,0,0,0,0,0,0,0,0,0,0,0,0,0,0,0,0,0,0,0,0,0,0,0,0,0,0,0,0,0,0,0,0,0,0,0,0,0,0,0,0,0,0,0,0,0,0,0,0,0,0,0,0,0,0,0,0,0,0,0,0,0,0,0,0,0,0,0,0,0,0,0,0,0,0,0,0,0,0,0,0,0,0,0,0,0,0,0,0,0,0,0,0,0,0,0,0,0,0,0,0,0,0,0,0,0,0
0,0,0,0,0,0,0,0,0,0,0,0,0,0,0,0,0,0,0,0,0,0,0,0,0,0,1318,3705,1349,0,0,1787,0,171,0,0,0,170,3082,7069,6055,998,3757,520,0,0,0,0,0,0,566,383,1405,1125,7584,1158,3274,196,0,0,0,0,0,150,720,571,3730,1655,6338,1186,3361,207,0,0,0,703,1671,458,2110,765,2996,1768,2776,942,516,0,0,0,0,0,1369,332,1686,810,4392,1233,3652,543,0,0,0,0,201,0,326,232,980,471,1680,555,2646,440,0,0,0,0,320,0,211,0,363,185,720,0,0,0,0,0,0,0,0,0,0,0,0,526,0,446,0,0,0,0,0,0,0,0,0,0,0,0,0,0,0,456,0,0,0,0,0,0,0,0,0,0,0,0,0,0,0,0,0,0,0,0,0,0,0,0,0,0,0,0,0,0,0,0,0,0,0,0,0,0,0,0,0,0,0,0,0,0,0,0,0,0,0,0,357,0,0,0,0,0,0,0,0,0,0,0,0,0,0,0,0,0,0,0,0,0,0,0,0,0,0,0,0,0,0,0,0,0,0,0,0,0,0,0,0,0,0,0,0,0,0,0,0,0,0,0,0,0,0,0,0,0,0,0,0,0,0,0,0,0,0,0,0,0,0,0,0,0,0,0,0,0,0,0,0,0,0,0,0,0,0,0,0,0,0,0,0,0,0,0,0,0,0,0,0,0,0,0,0,0,0,0,0,0,0,0,0,0,0,0,0,0,0,0,0,0,0,0,0,0,0,0,0,0,0,0,0,0,0,0,0,0,0,0,0,0,0,0,0,0,0,0,0,0,0,0,0,0,0,0,0,0,0,0,0,0,0,0,0,0,0,0,0,0,0,0,0,0,0,0,0,0,0,0,0,0,0,0,0,0,0,0,0,0,0,0,0,0,0,0,0,0,0,0,0,0,0,0,0,0,0,0,0,0,0,0,0,0,0,0,0,0,0,0,0,0,0
0,0,0,0,0,0,0,0,0,0,0,0,0,0,0,0,0,0,0,0,0,0,0,0,0,0,1730,3983,2004,0,0,1743,0,0,0,0,0,159,3167,6431,8319,1107,7341,566,0,0,0,0,0,256,451,255,1799,1067,8336,1555,8020,618,0,0,0,0,179,163,868,352,4989,1715,5890,2181,7534,465,0,0,0,725,1135,680,2291,738,3281,1812,3335,1027,789,181,0,0,0,0,1349,526,1663,472,3750,1139,2679,304,0,0,0,0,0,0,255,170,891,364,1734,772,3599,908,213,0,0,0,158,181,204,0,671,0,990,163,0,0,0,0,0,0,0,0,0,0,0,466,229,681,0,0,0,0,0,0,0,0,0,0,0,0,0,153,0,327,0,0,0,0,0,0,0,0,0,0,0,0,0,0,0,0,0,0,0,0,0,0,0,0,0,0,0,0,0,0,0,0,0,0,0,0,0,0,0,0,0,0,0,0,0,0,0,0,0,0,0,0,423,0,0,0,0,0,0,0,0,0,0,0,0,0,0,0,0,0,0,0,0,0,0,0,0,0,0,0,0,0,0,0,0,0,0,0,0,0,0,0,0,0,0,0,0,0,0,0,0,0,0,0,0,0,0,0,0,0,0,0,0,0,0,0,0,0,0,0,0,0,0,0,0,0,0,0,0,0,0,0,0,0,0,0,0,0,0,0,0,0,0,0,0,0,0,0,0,0,0,0,0,0,0,0,0,0,0,0,0,0,0,0,0,0,0,0,0,0,0,0,0,0,0,0,0,0,0,0,0,0,0,0,0,0,0,0,0,0,0,0,0,0,0,0,0,0,0,0,0,0,0,0,0,0,0,0,0,0,0,0,0,0,0,0,0,0,0,0,0,0,0,0,0,0,0,0,0,0,0,0,0,0,0,0,0,0,0,0,0,0,0,0,0,0,0,0,0,0,0,0,0,0,0,0,0,0,0,0,0,0,0,0,0,0,0,0,0,0,0,0,0,0,0
